"";"Low mean";"Medium mean";"Elevated mean";"pvalue.anova";"pvalue.anova.adj";"Medium-Low";"Elevated-Low";"Elevated-Medium";"Low";"Medium";"Elevated"
"AT1G01470.1";"7.346";"7.637";"7.556";"1.17e-02";"7.86e-02";"1.11e-02";"4.51e-02";"4.83e-01";"a";"b";"b"
"AT1G01900.1";"8.646";"8.467";"8.497";"3.82e-02";"1.47e-01";"4.21e-02";"8.20e-02";"8.57e-01";"b";"a";"ab"
"AT1G02700.1";"7.737";"7.915";"7.841";"1.87e-01";"3.09e-01";"1.68e-01";"4.78e-01";"6.73e-01";"a";"a";"a"
"AT1G02780.1";"7.214";"7.049";"7.309";"1.78e-01";"3.05e-01";"4.19e-01";"7.28e-01";"1.63e-01";"a";"a";"a"
"AT1G03030.1";"6.785";"7.03";"7.331";"1.65e-05";"1.77e-03";"1.20e-03";"1.26e-05";"3.99e-04";"a";"b";"c"
"AT1G03880.1";"9.644";"9.754";"9.803";"4.02e-01";"4.89e-01";"6.11e-01";"3.88e-01";"9.01e-01";"a";"a";"a"
"AT1G03890.1";"9.844";"9.812";"9.586";"2.50e-02";"1.23e-01";"9.01e-01";"2.98e-02";"5.06e-02";"b";"ab";"a"
"AT1G04170.1";"7.508";"7.501";"7.616";"6.97e-02";"2.01e-01";"9.85e-01";"1.09e-01";"8.81e-02";"a";"a";"a"
"AT1G04410.1";"8.135";"7.998";"8.044";"4.85e-01";"5.65e-01";"4.67e-01";"6.97e-01";"9.08e-01";"a";"a";"a"
"AT1G04480.1";"7.586";"7.523";"7.786";"2.63e-02";"1.27e-01";"6.79e-01";"7.53e-02";"2.62e-02";"ab";"a";"b"
"AT1G04580.1";"7.475";"7.432";"7.268";"4.37e-01";"5.23e-01";"9.61e-01";"4.42e-01";"5.81e-01";"a";"a";"a"
"AT1G04660.1";"7.841";"7.928";"7.992";"1.77e-01";"3.04e-01";"4.72e-01";"1.58e-01";"6.54e-01";"a";"a";"a"
"AT1G05510.1";"9.128";"9.112";"9.333";"1.93e-01";"3.12e-01";"9.90e-01";"2.65e-01";"2.25e-01";"a";"a";"a"
"AT1G07040.1";"7.171";"7.254";"7.287";"7.90e-01";"8.18e-01";"8.80e-01";"7.84e-01";"9.80e-01";"a";"a";"a"
"AT1G07140.1";"7.539";"7.686";"7.716";"3.26e-02";"1.38e-01";"7.22e-02";"3.58e-02";"8.40e-01";"a";"ab";"b"
"AT1G07645.1";"7.862";"8.329";"7.945";"2.06e-01";"3.29e-01";"2.16e-01";"9.38e-01";"3.28e-01";"a";"a";"a"
"AT1G07750.1";"7.632";"7.548";"7.485";"2.12e-02";"1.15e-01";"1.40e-01";"1.78e-02";"2.82e-01";"b";"ab";"a"
"AT1G07920.1";"8.644";"8.88";"9.113";"2.21e-02";"1.15e-01";"2.00e-01";"1.82e-02";"2.05e-01";"a";"ab";"b"
"AT1G07985.1";"8.09";"7.967";"7.845";"1.64e-02";"9.58e-02";"1.68e-01";"1.35e-02";"1.73e-01";"b";"ab";"a"
"AT1G08110.1";"7.22";"7.387";"7.412";"1.17e-02";"7.86e-02";"2.60e-02";"1.40e-02";"8.52e-01";"a";"b";"b"
"AT1G08830.1";"7.473";"7.635";"7.304";"8.54e-02";"2.28e-01";"4.19e-01";"3.96e-01";"7.33e-02";"a";"a";"a"
"AT1G09010.1";"7.549";"7.512";"7.838";"9.38e-02";"2.36e-01";"9.59e-01";"1.55e-01";"1.09e-01";"a";"a";"a"
"AT1G09430.1";"7.244";"7.349";"7.31";"5.47e-01";"6.13e-01";"5.25e-01";"7.62e-01";"9.06e-01";"a";"a";"a"
"AT1G09620.1";"7.181";"7.176";"7.364";"6.94e-02";"2.01e-01";"9.98e-01";"1.01e-01";"9.33e-02";"a";"a";"a"
"AT1G09640.1";"8.223";"8.216";"8.509";"6.85e-04";"2.24e-02";"9.87e-01";"1.26e-03";"1.12e-03";"a";"a";"b"
"AT1G10590.1";"7.154";"7.413";"7.425";"4.09e-02";"1.51e-01";"6.46e-02";"5.54e-02";"9.92e-01";"a";"a";"a"
"AT1G10670.1";"7.134";"7.218";"7.125";"1.90e-01";"3.11e-01";"2.73e-01";"9.80e-01";"2.16e-01";"a";"a";"a"
"AT1G11360.1";"7.382";"7.284";"7.377";"2.98e-01";"4.07e-01";"3.44e-01";"9.97e-01";"3.72e-01";"a";"a";"a"
"AT1G11650.2";"7.451";"7.309";"7.326";"1.93e-01";"3.12e-01";"2.15e-01";"2.83e-01";"9.73e-01";"a";"a";"a"
"AT1G11840.1";"8.723";"8.762";"8.627";"2.18e-01";"3.40e-01";"8.45e-01";"4.09e-01";"2.09e-01";"a";"a";"a"
"AT1G11860.1";"7.296";"7.27";"7.366";"4.92e-01";"5.67e-01";"9.42e-01";"6.64e-01";"4.84e-01";"a";"a";"a"
"AT1G11910.1";"9.232";"9.01";"9.036";"2.10e-03";"3.67e-02";"2.67e-03";"5.04e-03";"7.78e-01";"b";"a";"a"
"AT1G12840.1";"7.146";"7.333";"7.158";"3.50e-01";"4.47e-01";"3.92e-01";"9.96e-01";"4.32e-01";"a";"a";"a"
"AT1G13930.1";"7.379";"7.393";"7.147";"3.87e-01";"4.80e-01";"9.97e-01";"4.67e-01";"4.31e-01";"a";"a";"a"
"AT1G14170.1";"7.369";"7.28";"7.195";"3.78e-03";"5.23e-02";"6.04e-02";"3.04e-03";"7.10e-02";"b";"ab";"a"
"AT1G14930.1";"9.145";"8.925";"8.956";"6.83e-03";"6.10e-02";"8.13e-03";"1.64e-02";"7.95e-01";"b";"a";"a"
"AT1G14940.1";"9.205";"9.123";"9.064";"9.49e-03";"7.55e-02";"7.54e-02";"7.89e-03";"2.01e-01";"b";"ab";"a"
"AT1G14950.1";"9.712";"9.494";"9.458";"4.23e-04";"1.53e-02";"1.19e-03";"5.19e-04";"5.36e-01";"b";"a";"a"
"AT1G15120.1";"6.986";"7.279";"7.235";"5.01e-01";"5.74e-01";"5.18e-01";"6.14e-01";"9.83e-01";"a";"a";"a"
"AT1G15330.1";"7.07";"7.5";"7.289";"2.41e-01";"3.58e-01";"2.17e-01";"6.19e-01";"6.40e-01";"a";"a";"a"
"AT1G15340.1";"7.511";"7.5";"7.613";"6.46e-01";"6.94e-01";"9.96e-01";"7.19e-01";"6.72e-01";"a";"a";"a"
"AT1G15690.1";"7.754";"7.879";"7.72";"2.87e-01";"4.01e-01";"4.39e-01";"9.33e-01";"2.90e-01";"a";"a";"a"
"AT1G15930.1";"7.198";"7.452";"7.46";"3.84e-01";"4.77e-01";"4.56e-01";"4.36e-01";"9.99e-01";"a";"a";"a"
"AT1G16030.1";"8.636";"8.394";"8.627";"2.12e-01";"3.35e-01";"2.54e-01";"9.97e-01";"2.76e-01";"a";"a";"a"
"AT1G16350.1";"7.473";"7.566";"7.654";"5.07e-02";"1.69e-01";"2.98e-01";"4.28e-02";"3.37e-01";"a";"ab";"b"
"AT1G16730.1";"7.882";"7.87";"7.798";"8.65e-01";"8.82e-01";"9.97e-01";"8.72e-01";"9.04e-01";"a";"a";"a"
"AT1G16770.1";"7.545";"7.649";"7.709";"2.19e-01";"3.40e-01";"4.70e-01";"2.01e-01";"7.64e-01";"a";"a";"a"
"AT1G16850.1";"7.268";"7.443";"7.402";"3.83e-01";"4.77e-01";"3.82e-01";"5.49e-01";"9.39e-01";"a";"a";"a"
"AT1G17100.1";"8.329";"8.204";"7.918";"1.25e-03";"3.22e-02";"1.70e-01";"1.13e-03";"7.31e-03";"b";"b";"a"
"AT1G17290.1";"7.332";"7.53";"7.434";"4.88e-01";"5.66e-01";"4.59e-01";"7.99e-01";"8.14e-01";"a";"a";"a"
"AT1G17370.1";"7.244";"7.219";"7.2";"8.12e-01";"8.35e-01";"9.30e-01";"7.96e-01";"9.54e-01";"a";"a";"a"
"AT1G18070.1";"6.918";"7.02";"7.038";"1.23e-01";"2.62e-01";"2.06e-01";"1.35e-01";"9.42e-01";"a";"a";"a"
"AT1G18080.1";"8.536";"8.484";"8.435";"4.68e-01";"5.53e-01";"7.88e-01";"4.39e-01";"8.03e-01";"a";"a";"a"
"AT1G18100.1";"8.125";"7.924";"7.925";"7.60e-02";"2.10e-01";"1.04e-01";"1.07e-01";"1.00e+00";"a";"a";"a"
"AT1G18210.1";"7.701";"7.808";"7.593";"2.20e-01";"3.42e-01";"6.14e-01";"6.02e-01";"1.97e-01";"a";"a";"a"
"AT1G18270.1";"7.195";"7.28";"6.992";"2.17e-02";"1.15e-01";"5.31e-01";"7.90e-02";"2.02e-02";"ab";"b";"a"
"AT1G18500.1";"7.306";"7.544";"7.774";"3.21e-04";"1.29e-02";"8.84e-03";"2.53e-04";"1.04e-02";"a";"b";"c"
"AT1G19570.1";"8.31";"8.517";"8.459";"2.42e-02";"1.20e-01";"2.30e-02";"8.05e-02";"5.87e-01";"a";"b";"ab"
"AT1G19900.1";"8.624";"8.691";"8.181";"2.36e-04";"1.22e-02";"5.20e-01";"6.48e-04";"2.97e-04";"b";"b";"a"
"AT1G20020.1";"7.117";"7.257";"7.479";"9.93e-03";"7.65e-02";"2.50e-01";"8.42e-03";"6.57e-02";"a";"ab";"b"
"AT1G20200.1";"7.359";"7.662";"7.589";"2.67e-02";"1.27e-01";"2.66e-02";"7.62e-02";"6.80e-01";"a";"b";"ab"
"AT1G20260.1";"7.481";"7.553";"7.628";"8.85e-03";"7.30e-02";"1.23e-01";"7.20e-03";"1.10e-01";"a";"ab";"b"
"AT1G20620.1";"8.412";"8.707";"8.948";"1.16e-06";"8.42e-04";"3.05e-05";"1.06e-06";"9.92e-05";"a";"b";"c"
"AT1G20630.1";"7.942";"7.814";"8.033";"1.28e-02";"8.23e-02";"9.31e-02";"2.36e-01";"1.07e-02";"ab";"a";"b"
"AT1G21080.1";"7.495";"7.452";"7.321";"2.07e-01";"3.29e-01";"8.79e-01";"2.04e-01";"3.70e-01";"a";"a";"a"
"AT1G21670.1";"7.179";"7.049";"6.848";"4.14e-02";"1.51e-01";"4.37e-01";"3.58e-02";"1.87e-01";"b";"ab";"a"
"AT1G21750.1";"8.86";"8.911";"8.995";"1.32e-01";"2.73e-01";"6.54e-01";"1.18e-01";"3.67e-01";"a";"a";"a"
"AT1G22300.1";"7.448";"8.026";"7.721";"1.02e-01";"2.42e-01";"8.84e-02";"4.79e-01";"4.07e-01";"a";"a";"a"
"AT1G22780.1";"8.151";"8.296";"8.363";"1.65e-01";"3.00e-01";"3.61e-01";"1.54e-01";"7.78e-01";"a";"a";"a"
"AT1G23190.1";"7.34";"7.448";"7.321";"1.73e-01";"3.04e-01";"2.71e-01";"9.55e-01";"1.88e-01";"a";"a";"a"
"AT1G24360.1";"8.301";"8.413";"8.345";"3.73e-01";"4.71e-01";"3.48e-01";"8.22e-01";"6.54e-01";"a";"a";"a"
"AT1G24450.1";"7.903";"7.97";"7.841";"3.56e-01";"4.54e-01";"7.11e-01";"7.40e-01";"3.28e-01";"a";"a";"a"
"AT1G26630.1";"7.463";"7.528";"7.694";"2.34e-01";"3.55e-01";"8.63e-01";"2.27e-01";"4.22e-01";"a";"a";"a"
"AT1G27400.1";"7.42";"7.485";"7.575";"2.67e-01";"3.83e-01";"7.36e-01";"2.43e-01";"5.77e-01";"a";"a";"a"
"AT1G27950.1";"7.805";"7.919";"7.868";"5.06e-01";"5.78e-01";"4.78e-01";"7.79e-01";"8.53e-01";"a";"a";"a"
"AT1G27970.1";"7.624";"7.629";"7.717";"6.14e-01";"6.65e-01";"9.99e-01";"6.51e-01";"6.79e-01";"a";"a";"a"
"AT1G27990.1";"7.583";"7.644";"7.479";"3.07e-01";"4.15e-01";"8.15e-01";"5.69e-01";"2.86e-01";"a";"a";"a"
"AT1G28200.1";"7.473";"7.359";"7.336";"1.81e-01";"3.06e-01";"2.92e-01";"1.91e-01";"9.39e-01";"a";"a";"a"
"AT1G29310.1";"7.247";"7.514";"7.282";"1.54e-01";"2.91e-01";"1.71e-01";"9.60e-01";"2.41e-01";"a";"a";"a"
"AT1G29350.1";"7.04";"6.946";"7.077";"6.90e-01";"7.30e-01";"8.14e-01";"9.69e-01";"6.82e-01";"a";"a";"a"
"AT1G29680.1";"8.103";"8.344";"8.208";"9.05e-02";"2.32e-01";"7.86e-02";"5.08e-01";"3.44e-01";"a";"a";"a"
"AT1G30230.1";"7.833";"8.049";"7.9";"8.88e-02";"2.31e-01";"8.27e-02";"7.01e-01";"2.36e-01";"a";"a";"a"
"AT1G30360.1";"7.355";"7.361";"7.15";"5.57e-03";"5.76e-02";"9.91e-01";"9.71e-03";"8.49e-03";"b";"b";"a"
"AT1G30580.1";"7.407";"7.484";"7.583";"5.13e-02";"1.69e-01";"4.03e-01";"4.37e-02";"2.52e-01";"a";"ab";"b"
"AT1G33120.1";"8.363";"8.292";"8.486";"9.26e-02";"2.35e-01";"6.24e-01";"2.81e-01";"8.31e-02";"a";"a";"a"
"AT1G34430.1";"7.56";"7.354";"7.455";"1.45e-01";"2.80e-01";"1.27e-01";"4.99e-01";"5.28e-01";"a";"a";"a"
"AT1G42970.1";"8.073";"8.092";"8.093";"9.54e-01";"9.58e-01";"9.64e-01";"9.60e-01";"1.00e+00";"a";"a";"a"
"AT1G43170.1";"8.174";"8.036";"8.051";"5.05e-02";"1.69e-01";"6.06e-02";"9.00e-02";"9.47e-01";"a";"a";"a"
"AT1G43670.1";"7.275";"7.377";"7.537";"1.71e-05";"1.77e-03";"2.84e-03";"1.37e-05";"2.35e-04";"a";"b";"c"
"AT1G44575.1";"7.068";"7.354";"7.686";"6.36e-02";"1.90e-01";"4.04e-01";"5.42e-02";"3.11e-01";"a";"a";"a"
"AT1G45000.1";"6.863";"7.369";"7.196";"1.07e-01";"2.45e-01";"9.73e-02";"2.92e-01";"6.76e-01";"a";"a";"a"
"AT1G47128.1";"8.113";"7.848";"7.831";"7.49e-04";"2.26e-02";"1.54e-03";"1.11e-03";"9.13e-01";"b";"a";"a"
"AT1G47540.1";"7.82";"7.946";"7.786";"2.37e-01";"3.57e-01";"3.82e-01";"9.22e-01";"2.40e-01";"a";"a";"a"
"AT1G47980.1";"7.946";"7.903";"8.189";"2.61e-04";"1.26e-02";"4.36e-01";"7.75e-04";"3.13e-04";"a";"a";"b"
"AT1G48130.1";"8.921";"9.052";"9.099";"7.23e-02";"2.05e-01";"1.80e-01";"6.99e-02";"7.47e-01";"a";"a";"a"
"AT1G48470.1";"8.251";"8.287";"8.131";"1.19e-01";"2.58e-01";"8.52e-01";"2.39e-01";"1.20e-01";"a";"a";"a"
"AT1G48830.1";"7.588";"7.556";"7.773";"3.93e-01";"4.86e-01";"9.78e-01";"5.12e-01";"4.12e-01";"a";"a";"a"
"AT1G48850.1";"7.074";"6.854";"7.145";"2.52e-01";"3.69e-01";"4.19e-01";"9.01e-01";"2.50e-01";"a";"a";"a"
"AT1G48990.1";"7.833";"7.966";"8.053";"3.05e-01";"4.13e-01";"5.89e-01";"2.82e-01";"7.90e-01";"a";"a";"a"
"AT1G49240.1";"7.689";"7.563";"7.483";"2.76e-02";"1.30e-01";"1.37e-01";"2.38e-02";"3.89e-01";"b";"ab";"a"
"AT1G49760.1";"7.722";"7.622";"7.698";"1.29e-01";"2.70e-01";"1.28e-01";"8.48e-01";"2.58e-01";"a";"a";"a"
"AT1G50200.1";"7.468";"7.572";"7.518";"3.37e-01";"4.37e-01";"3.09e-01";"7.27e-01";"6.95e-01";"a";"a";"a"
"AT1G50380.1";"7.386";"7.327";"7.44";"1.77e-01";"3.04e-01";"5.30e-01";"5.87e-01";"1.57e-01";"a";"a";"a"
"AT1G50480.1";"7.22";"7.102";"7.242";"5.20e-02";"1.70e-01";"1.04e-01";"8.90e-01";"5.78e-02";"a";"a";"a"
"AT1G51980.1";"7.743";"7.615";"7.701";"1.59e-01";"2.96e-01";"1.48e-01";"7.53e-01";"3.66e-01";"a";"a";"a"
"AT1G52360.1";"7.924";"7.75";"7.68";"8.45e-02";"2.27e-01";"2.15e-01";"8.01e-02";"7.30e-01";"a";"a";"a"
"AT1G52560.1";"7.166";"7.407";"7.393";"3.55e-02";"1.42e-01";"4.71e-02";"5.88e-02";"9.82e-01";"a";"b";"ab"
"AT1G52690.1";"8.69";"8.679";"8.817";"1.72e-01";"3.04e-01";"9.86e-01";"2.44e-01";"2.01e-01";"a";"a";"a"
"AT1G53750.1";"7.278";"7.385";"7.371";"1.11e-01";"2.48e-01";"1.25e-01";"1.84e-01";"9.50e-01";"a";"a";"a"
"AT1G54010.1";"7.597";"7.327";"7.415";"2.97e-01";"4.07e-01";"2.81e-01";"5.25e-01";"8.49e-01";"a";"a";"a"
"AT1G54100.1";"8.358";"8.401";"8.549";"1.20e-01";"2.59e-01";"8.58e-01";"1.21e-01";"2.39e-01";"a";"a";"a"
"AT1G54860.1";"9.023";"8.948";"8.826";"4.48e-01";"5.34e-01";"8.68e-01";"4.24e-01";"6.99e-01";"a";"a";"a"
"AT1G54870.1";"9.59";"9.505";"9.496";"1.06e-01";"2.45e-01";"1.65e-01";"1.25e-01";"9.75e-01";"a";"a";"a"
"AT1G55210.1";"7.355";"7.28";"7.232";"4.83e-01";"5.64e-01";"7.29e-01";"4.58e-01";"8.76e-01";"a";"a";"a"
"AT1G56070.1";"8.6";"8.71";"8.718";"3.22e-01";"4.24e-01";"4.04e-01";"3.63e-01";"9.95e-01";"a";"a";"a"
"AT1G56110.1";"6.913";"6.639";"6.748";"3.27e-01";"4.27e-01";"3.03e-01";"6.12e-01";"7.99e-01";"a";"a";"a"
"AT1G56330.1";"7.478";"7.751";"7.646";"3.94e-01";"4.86e-01";"3.71e-01";"6.59e-01";"8.44e-01";"a";"a";"a"
"AT1G56340.1";"8.001";"8.035";"8.132";"1.88e-01";"3.09e-01";"8.61e-01";"1.84e-01";"3.51e-01";"a";"a";"a"
"AT1G56600.1";"7.138";"7.42";"7.492";"4.45e-03";"5.33e-02";"1.40e-02";"4.74e-03";"5.71e-01";"a";"b";"b"
"AT1G57720.1";"8.468";"8.375";"8.491";"3.12e-02";"1.37e-01";"7.66e-02";"7.77e-01";"3.28e-02";"ab";"a";"b"
"AT1G60680.1";"7.631";"7.761";"7.521";"2.16e-01";"3.39e-01";"5.59e-01";"6.50e-01";"1.93e-01";"a";"a";"a"
"AT1G62000.1";"7.909";"7.752";"7.37";"1.64e-01";"3.00e-01";"8.10e-01";"1.56e-01";"3.40e-01";"a";"a";"a"
"AT1G62080.1";"8.339";"8.225";"7.807";"9.88e-02";"2.41e-01";"8.57e-01";"1.01e-01";"2.00e-01";"a";"a";"a"
"AT1G62240.1";"6.999";"7.082";"6.824";"2.82e-01";"3.96e-01";"8.47e-01";"5.05e-01";"2.67e-01";"a";"a";"a"
"AT1G62290.1";"7.883";"7.885";"7.936";"9.66e-01";"9.68e-01";"1.00e+00";"9.71e-01";"9.73e-01";"a";"a";"a"
"AT1G63000.1";"7.252";"7.273";"7.141";"1.21e-01";"2.59e-01";"9.27e-01";"2.09e-01";"1.31e-01";"a";"a";"a"
"AT1G63770.3";"8.179";"8.081";"8.025";"2.20e-02";"1.15e-01";"1.08e-01";"1.92e-02";"3.89e-01";"b";"ab";"a"
"AT1G63940.1";"7.516";"7.597";"7.614";"6.34e-02";"1.90e-01";"1.26e-01";"6.89e-02";"8.85e-01";"a";"a";"a"
"AT1G64110.1";"7.8";"7.657";"7.57";"5.31e-03";"5.74e-02";"3.80e-02";"4.51e-03";"1.98e-01";"b";"a";"a"
"AT1G65090.2";"8.021";"8.245";"8.411";"1.38e-03";"3.36e-02";"1.75e-02";"1.12e-03";"5.90e-02";"a";"b";"b"
"AT1G65880.1";"7.647";"7.881";"7.789";"1.11e-02";"7.83e-02";"9.40e-03";"7.37e-02";"2.54e-01";"a";"b";"ab"
"AT1G65930.1";"8.396";"8.34";"8.323";"4.01e-01";"4.89e-01";"5.64e-01";"3.99e-01";"9.43e-01";"a";"a";"a"
"AT1G65980.1";"7.919";"7.949";"8.024";"4.76e-01";"5.60e-01";"9.31e-01";"4.65e-01";"6.62e-01";"a";"a";"a"
"AT1G66430.1";"7.92";"8.077";"8.002";"2.23e-02";"1.15e-01";"1.85e-02";"1.80e-01";"2.31e-01";"a";"b";"ab"
"AT1G67090.1";"8.431";"8.23";"8.221";"1.55e-01";"2.92e-01";"2.13e-01";"1.91e-01";"9.96e-01";"a";"a";"a"
"AT1G68010.1";"6.89";"7.205";"7.472";"6.12e-03";"5.80e-02";"7.00e-02";"4.98e-03";"1.20e-01";"a";"ab";"b"
"AT1G68560.1";"7.508";"7.247";"7.68";"9.07e-03";"7.30e-02";"6.51e-02";"2.23e-01";"7.63e-03";"ab";"a";"b"
"AT1G69295.1";"7.591";"7.634";"7.56";"7.78e-01";"8.11e-01";"9.10e-01";"9.51e-01";"7.61e-01";"a";"a";"a"
"AT1G69410.1";"8.141";"8.27";"8.343";"1.06e-01";"2.45e-01";"3.02e-01";"9.53e-02";"6.50e-01";"a";"a";"a"
"AT1G69800.1";"7.594";"7.842";"7.66";"7.38e-02";"2.08e-01";"7.14e-02";"7.52e-01";"1.82e-01";"a";"a";"a"
"AT1G70580.1";"7.646";"7.472";"7.583";"1.99e-01";"3.20e-01";"1.83e-01";"7.52e-01";"4.43e-01";"a";"a";"a"
"AT1G70680.1";"6.949";"7.29";"6.849";"3.56e-02";"1.42e-01";"9.18e-02";"7.44e-01";"3.61e-02";"ab";"b";"a"
"AT1G70730.1";"7.584";"7.682";"7.57";"5.69e-01";"6.27e-01";"6.63e-01";"9.91e-01";"5.91e-01";"a";"a";"a"
"AT1G70770.1";"7.812";"7.75";"7.847";"5.35e-01";"6.02e-01";"7.44e-01";"9.13e-01";"5.15e-01";"a";"a";"a"
"AT1G70840.1";"8.884";"8.696";"8.495";"5.29e-03";"5.74e-02";"9.25e-02";"4.27e-03";"7.40e-02";"b";"ab";"a"
"AT1G71695.1";"9.145";"9.062";"9.087";"1.62e-02";"9.58e-02";"1.49e-02";"6.60e-02";"4.64e-01";"b";"a";"ab"
"AT1G71950.1";"7.829";"7.915";"7.876";"5.55e-01";"6.19e-01";"5.28e-01";"8.09e-01";"8.71e-01";"a";"a";"a"
"AT1G72100.1";"8.143";"8.176";"8.031";"1.38e-01";"2.74e-01";"8.68e-01";"2.65e-01";"1.39e-01";"a";"a";"a"
"AT1G72370.1";"8.078";"7.849";"7.943";"4.08e-01";"4.93e-01";"3.81e-01";"6.89e-01";"8.30e-01";"a";"a";"a"
"AT1G72550.1";"6.973";"6.936";"7.023";"6.27e-01";"6.75e-01";"9.08e-01";"8.36e-01";"6.03e-01";"a";"a";"a"
"AT1G72680.1";"8.237";"8.117";"8.229";"7.85e-03";"6.85e-02";"1.09e-02";"9.57e-01";"1.48e-02";"b";"a";"b"
"AT1G73190.1";"7.925";"7.826";"8.215";"3.98e-01";"4.89e-01";"9.32e-01";"5.73e-01";"3.93e-01";"a";"a";"a"
"AT1G74030.1";"7.79";"7.691";"7.662";"4.02e-01";"4.89e-01";"5.64e-01";"4.01e-01";"9.45e-01";"a";"a";"a"
"AT1G74310.1";"8.165";"8.377";"8.37";"7.94e-03";"6.85e-02";"1.18e-02";"1.38e-02";"9.89e-01";"a";"b";"b"
"AT1G74920.1";"7.024";"7.028";"7.061";"9.25e-01";"9.34e-01";"9.99e-01";"9.29e-01";"9.46e-01";"a";"a";"a"
"AT1G75280.1";"7.465";"7.668";"7.564";"2.17e-01";"3.39e-01";"1.94e-01";"6.14e-01";"5.95e-01";"a";"a";"a"
"AT1G76160.1";"7.723";"7.778";"7.605";"9.88e-02";"2.41e-01";"7.05e-01";"2.59e-01";"9.17e-02";"a";"a";"a"
"AT1G77090.1";"7.407";"7.611";"7.611";"1.83e-03";"3.67e-02";"3.12e-03";"3.06e-03";"1.00e+00";"a";"b";"b"
"AT1G77120.1";"8.872";"8.724";"8.891";"6.31e-03";"5.80e-02";"1.40e-02";"8.55e-01";"7.93e-03";"b";"a";"b"
"AT1G77510.1";"8.26";"8.147";"8.209";"4.91e-02";"1.67e-01";"4.17e-02";"3.83e-01";"2.54e-01";"b";"a";"ab"
"AT1G78300.1";"7.521";"8.039";"7.598";"3.03e-01";"4.13e-01";"3.21e-01";"9.70e-01";"4.22e-01";"a";"a";"a"
"AT1G78370.1";"8.093";"8.346";"8.336";"3.25e-01";"4.25e-01";"3.73e-01";"3.97e-01";"9.98e-01";"a";"a";"a"
"AT1G78380.1";"7.99";"8.415";"8.149";"2.06e-01";"3.29e-01";"1.88e-01";"7.42e-01";"4.62e-01";"a";"a";"a"
"AT1G78900.1";"8.272";"8.136";"8.252";"1.95e-02";"1.12e-01";"2.26e-02";"8.54e-01";"4.30e-02";"b";"a";"b"
"AT1G79230.3";"8.083";"7.974";"8.013";"2.66e-01";"3.83e-01";"2.48e-01";"5.19e-01";"8.02e-01";"a";"a";"a"
"AT1G79440.1";"8.065";"7.983";"8.04";"7.70e-02";"2.12e-01";"7.17e-02";"6.84e-01";"2.13e-01";"a";"a";"a"
"AT1G79550.1";"8.393";"8.58";"8.374";"4.79e-03";"5.43e-02";"1.00e-02";"8.99e-01";"6.38e-03";"a";"b";"a"
"AT1G79690.1";"8.812";"8.735";"8.694";"3.06e-01";"4.14e-01";"5.52e-01";"2.88e-01";"8.33e-01";"a";"a";"a"
"AT2G01140.1";"8.617";"8.421";"8.425";"3.83e-03";"5.23e-02";"6.02e-03";"6.66e-03";"9.94e-01";"b";"a";"a"
"AT2G01250.1";"7.796";"7.818";"7.886";"6.02e-01";"6.57e-01";"9.69e-01";"6.00e-01";"7.36e-01";"a";"a";"a"
"AT2G01470.1";"7.508";"7.478";"7.392";"1.67e-01";"3.01e-01";"8.49e-01";"1.63e-01";"3.24e-01";"a";"a";"a"
"AT2G02930.1";"6.978";"7.493";"7.162";"1.49e-01";"2.87e-01";"1.36e-01";"7.09e-01";"3.72e-01";"a";"a";"a"
"AT2G03440.1";"7.183";"7.229";"7.348";"2.94e-01";"4.07e-01";"8.89e-01";"2.86e-01";"4.86e-01";"a";"a";"a"
"AT2G04350.1";"7.281";"7.224";"7.278";"9.57e-01";"9.60e-01";"9.63e-01";"1.00e+00";"9.66e-01";"a";"a";"a"
"AT2G04390.1";"7.874";"8.001";"8.022";"2.98e-01";"4.07e-01";"4.11e-01";"3.18e-01";"9.74e-01";"a";"a";"a"
"AT2G04520.1";"7.268";"7.117";"7.262";"5.28e-01";"5.96e-01";"5.72e-01";"9.99e-01";"5.98e-01";"a";"a";"a"
"AT2G04780.1";"7.673";"7.532";"7.42";"2.21e-02";"1.15e-01";"1.53e-01";"1.84e-02";"2.70e-01";"b";"ab";"a"
"AT2G05710.1";"8.152";"8.07";"7.981";"7.84e-02";"2.14e-01";"4.16e-01";"6.71e-02";"3.68e-01";"a";"a";"a"
"AT2G05920.1";"8.243";"8.126";"7.968";"1.75e-03";"3.67e-02";"7.07e-02";"1.43e-03";"2.10e-02";"b";"b";"a"
"AT2G05990.1";"8.461";"8.086";"8.46";"7.55e-02";"2.09e-01";"1.04e-01";"1.00e+00";"1.05e-01";"a";"a";"a"
"AT2G07698.1";"8.492";"8.689";"8.508";"1.01e-01";"2.41e-01";"1.21e-01";"9.80e-01";"1.55e-01";"a";"a";"a"
"AT2G14170.1";"7.522";"7.493";"7.442";"6.04e-01";"6.57e-01";"9.28e-01";"5.84e-01";"7.92e-01";"a";"a";"a"
"AT2G14260.2";"7.075";"7.114";"7.233";"2.53e-01";"3.69e-01";"8.97e-01";"2.49e-01";"4.23e-01";"a";"a";"a"
"AT2G14720.1";"7.609";"7.391";"7.446";"9.84e-02";"2.41e-01";"9.65e-02";"2.19e-01";"8.02e-01";"a";"a";"a"
"AT2G15010.1";"8.404";"8.592";"8.62";"5.75e-01";"6.31e-01";"6.70e-01";"5.95e-01";"9.90e-01";"a";"a";"a"
"AT2G16600.1";"7.868";"7.711";"7.842";"5.10e-01";"5.81e-01";"5.24e-01";"9.81e-01";"6.27e-01";"a";"a";"a"
"AT2G17360.1";"8.149";"8.151";"8.259";"1.03e-01";"2.42e-01";"9.98e-01";"1.34e-01";"1.44e-01";"a";"a";"a"
"AT2G17870.1";"7.904";"7.721";"7.74";"1.53e-01";"2.90e-01";"1.75e-01";"2.29e-01";"9.75e-01";"a";"a";"a"
"AT2G17980.1";"7.073";"7.04";"7.003";"7.38e-01";"7.75e-01";"9.23e-01";"7.17e-01";"9.10e-01";"a";"a";"a"
"AT2G18340.1";"7.043";"7.122";"7.051";"5.14e-01";"5.83e-01";"5.42e-01";"9.92e-01";"6.07e-01";"a";"a";"a"
"AT2G18370.1";"7.58";"7.489";"7.418";"5.28e-01";"5.96e-01";"7.92e-01";"5.01e-01";"8.62e-01";"a";"a";"a"
"AT2G18540.1";"8.583";"8.659";"8.677";"1.64e-01";"3.00e-01";"2.80e-01";"1.71e-01";"9.19e-01";"a";"a";"a"
"AT2G18570.1";"7.119";"7.215";"7.07";"2.55e-01";"3.70e-01";"4.89e-01";"8.16e-01";"2.39e-01";"a";"a";"a"
"AT2G19900.1";"8.562";"8.711";"8.625";"5.44e-03";"5.76e-02";"4.48e-03";"1.41e-01";"5.22e-02";"a";"b";"ab"
"AT2G19940.1";"7.117";"7.149";"7.232";"5.44e-01";"6.10e-01";"9.50e-01";"5.35e-01";"7.07e-01";"a";"a";"a"
"AT2G20140.1";"7.011";"7.145";"7.282";"3.34e-01";"4.34e-01";"7.14e-01";"3.06e-01";"7.04e-01";"a";"a";"a"
"AT2G20260.1";"7.441";"7.613";"7.559";"1.92e-01";"3.12e-01";"1.80e-01";"3.99e-01";"7.98e-01";"a";"a";"a"
"AT2G20360.1";"7.185";"7.226";"7.193";"9.16e-01";"9.28e-01";"9.17e-01";"9.96e-01";"9.46e-01";"a";"a";"a"
"AT2G20420.1";"7.43";"7.417";"7.329";"4.55e-01";"5.39e-01";"9.86e-01";"4.78e-01";"5.62e-01";"a";"a";"a"
"AT2G20560.1";"6.997";"7.385";"7.284";"6.14e-03";"5.80e-02";"5.96e-03";"2.38e-02";"4.46e-01";"a";"b";"b"
"AT2G20580.1";"7.724";"7.829";"7.777";"1.75e-01";"3.04e-01";"1.55e-01";"5.52e-01";"5.58e-01";"a";"a";"a"
"AT2G20990.1";"7.369";"7.45";"7.484";"1.90e-01";"3.11e-01";"3.78e-01";"1.81e-01";"8.23e-01";"a";"a";"a"
"AT2G21160.1";"7.938";"7.91";"8.044";"3.44e-01";"4.43e-01";"9.49e-01";"4.93e-01";"3.49e-01";"a";"a";"a"
"AT2G21170.1";"7.504";"7.597";"7.713";"1.67e-01";"3.01e-01";"6.14e-01";"1.48e-01";"4.81e-01";"a";"a";"a"
"AT2G21660.1";"8.827";"8.539";"8.064";"1.66e-05";"1.77e-03";"3.15e-03";"1.33e-05";"2.12e-04";"c";"b";"a"
"AT2G21720.1";"7.483";"7.61";"7.503";"6.26e-01";"6.75e-01";"6.39e-01";"9.88e-01";"7.23e-01";"a";"a";"a"
"AT2G21820.1";"8.562";"8.596";"8.876";"4.29e-03";"5.33e-02";"8.49e-01";"5.50e-03";"9.60e-03";"a";"a";"b"
"AT2G21870.1";"7.177";"7.706";"7.424";"5.62e-02";"1.79e-01";"4.77e-02";"3.77e-01";"2.95e-01";"a";"b";"ab"
"AT2G22240.1";"7.657";"7.781";"7.806";"4.86e-02";"1.67e-01";"1.01e-01";"5.31e-02";"8.68e-01";"a";"a";"a"
"AT2G22420.1";"7.347";"7.17";"7.129";"2.52e-02";"1.23e-01";"6.12e-02";"2.71e-02";"7.87e-01";"b";"ab";"a"
"AT2G22780.1";"7.671";"7.666";"7.49";"2.66e-02";"1.27e-01";"9.95e-01";"3.78e-02";"4.24e-02";"b";"b";"a"
"AT2G23110.1";"7.786";"8.069";"8.47";"2.85e-05";"2.58e-03";"3.12e-03";"2.27e-05";"4.80e-04";"a";"b";"c"
"AT2G23120.1";"7.334";"7.369";"7.56";"6.66e-02";"1.96e-01";"9.04e-01";"7.36e-02";"1.27e-01";"a";"a";"a"
"AT2G23240.1";"7.418";"7.307";"7.44";"5.96e-01";"6.52e-01";"7.01e-01";"9.86e-01";"6.09e-01";"a";"a";"a"
"AT2G24020.1";"7.234";"7.592";"7.499";"5.85e-02";"1.82e-01";"5.69e-02";"1.52e-01";"7.31e-01";"a";"a";"a"
"AT2G24200.1";"7.355";"7.285";"7.49";"2.44e-01";"3.60e-01";"8.09e-01";"4.78e-01";"2.28e-01";"a";"a";"a"
"AT2G24270.1";"8.062";"7.917";"7.695";"1.94e-03";"3.67e-02";"9.71e-02";"1.61e-03";"1.87e-02";"b";"b";"a"
"AT2G24940.1";"7.751";"7.744";"7.711";"8.47e-01";"8.66e-01";"9.95e-01";"8.52e-01";"8.95e-01";"a";"a";"a"
"AT2G25280.1";"7.276";"7.29";"7.311";"5.99e-01";"6.54e-01";"9.06e-01";"5.75e-01";"8.13e-01";"a";"a";"a"
"AT2G25890.1";"7.374";"8.207";"8.099";"1.35e-01";"2.73e-01";"1.51e-01";"2.17e-01";"9.56e-01";"a";"a";"a"
"AT2G25970.1";"7.35";"7.206";"7.193";"5.45e-04";"1.88e-02";"1.20e-03";"7.75e-04";"8.38e-01";"b";"a";"a"
"AT2G27020.1";"8.081";"8.063";"7.895";"1.93e-01";"3.13e-01";"9.80e-01";"2.19e-01";"2.77e-01";"a";"a";"a"
"AT2G28000.1";"7.389";"7.643";"7.657";"8.72e-02";"2.29e-01";"1.30e-01";"1.10e-01";"9.91e-01";"a";"a";"a"
"AT2G28190.1";"8.237";"8.146";"8.069";"1.76e-01";"3.04e-01";"5.09e-01";"1.56e-01";"6.06e-01";"a";"a";"a"
"AT2G28470.1";"7.387";"7.195";"7.239";"1.53e-01";"2.90e-01";"1.54e-01";"2.87e-01";"8.75e-01";"a";"a";"a"
"AT2G28490.1";"9.452";"9.368";"9.326";"3.13e-01";"4.19e-01";"5.51e-01";"2.96e-01";"8.46e-01";"a";"a";"a"
"AT2G28790.1";"8.206";"8.103";"7.949";"1.51e-01";"2.88e-01";"6.47e-01";"1.35e-01";"4.16e-01";"a";"a";"a"
"AT2G28900.1";"7.469";"7.362";"7.214";"1.96e-03";"3.67e-02";"7.93e-02";"1.60e-03";"2.22e-02";"b";"b";"a"
"AT2G29300.1";"7.6";"7.781";"7.857";"4.54e-03";"5.33e-02";"2.19e-02";"4.18e-03";"3.18e-01";"a";"b";"b"
"AT2G30200.1";"7.18";"7.081";"7.361";"6.30e-03";"5.80e-02";"2.48e-01";"3.87e-02";"5.46e-03";"a";"a";"b"
"AT2G30970.1";"7.756";"7.866";"7.779";"4.87e-01";"5.66e-01";"4.91e-01";"9.66e-01";"6.27e-01";"a";"a";"a"
"AT2G32120.1";"8.1";"8.137";"8.313";"6.18e-03";"5.80e-02";"6.93e-01";"6.92e-03";"1.69e-02";"a";"a";"b"
"AT2G32920.1";"7.088";"6.987";"7.306";"5.83e-02";"1.82e-01";"6.27e-01";"1.80e-01";"5.36e-02";"a";"a";"a"
"AT2G33070.1";"9.04";"9.091";"9.047";"4.90e-02";"1.67e-01";"5.62e-02";"9.14e-01";"9.39e-02";"a";"a";"a"
"AT2G33150.1";"8.448";"8.518";"8.538";"4.92e-01";"5.67e-01";"6.40e-01";"4.92e-01";"9.61e-01";"a";"a";"a"
"AT2G33590.1";"8.077";"8.179";"7.848";"1.63e-01";"3.00e-01";"7.88e-01";"3.52e-01";"1.54e-01";"a";"a";"a"
"AT2G34700.1";"9.045";"8.822";"9.057";"4.35e-03";"5.33e-02";"8.21e-03";"9.63e-01";"6.31e-03";"b";"a";"b"
"AT2G34790.1";"7.458";"7.453";"7.232";"3.17e-02";"1.38e-01";"9.97e-01";"4.51e-02";"4.94e-02";"b";"b";"a"
"AT2G35490.1";"7.698";"7.786";"7.794";"2.96e-01";"4.07e-01";"3.84e-01";"3.31e-01";"9.91e-01";"a";"a";"a"
"AT2G35840.1";"7.137";"6.974";"7.074";"2.61e-01";"3.76e-01";"2.40e-01";"7.68e-01";"5.38e-01";"a";"a";"a"
"AT2G36070.1";"6.518";"6.663";"6.741";"1.08e-01";"2.46e-01";"2.99e-01";"9.79e-02";"6.67e-01";"a";"a";"a"
"AT2G36460.1";"8.36";"8.519";"8.427";"1.21e-01";"2.59e-01";"1.06e-01";"5.87e-01";"3.82e-01";"a";"a";"a"
"AT2G36530.1";"8.662";"8.622";"8.634";"7.88e-01";"8.18e-01";"7.79e-01";"8.84e-01";"9.76e-01";"a";"a";"a"
"AT2G36640.1";"8.337";"8.401";"8.726";"1.53e-03";"3.57e-02";"5.81e-01";"1.77e-03";"4.45e-03";"a";"a";"b"
"AT2G37220.1";"7.421";"7.246";"7.18";"6.18e-03";"5.80e-02";"2.55e-02";"5.89e-03";"4.13e-01";"b";"a";"a"
"AT2G37620.1";"7.667";"7.703";"7.6";"4.50e-01";"5.34e-01";"8.90e-01";"6.78e-01";"4.29e-01";"a";"a";"a"
"AT2G37660.1";"7.409";"7.705";"7.69";"2.13e-03";"3.67e-02";"3.18e-03";"4.09e-03";"9.60e-01";"a";"b";"b"
"AT2G37970.1";"8.328";"8.201";"7.969";"2.08e-03";"3.67e-02";"1.44e-01";"1.79e-03";"1.53e-02";"b";"b";"a"
"AT2G38040.1";"7.003";"7.328";"7.512";"9.08e-03";"7.30e-02";"5.39e-02";"7.84e-03";"2.79e-01";"a";"ab";"b"
"AT2G38380.1";"8.523";"8.453";"8.257";"4.10e-02";"1.51e-01";"6.87e-01";"3.98e-02";"1.16e-01";"b";"ab";"a"
"AT2G38530.1";"8.431";"8.586";"8.75";"5.11e-01";"5.81e-01";"8.26e-01";"4.82e-01";"8.10e-01";"a";"a";"a"
"AT2G38540.1";"6.988";"6.722";"6.774";"1.16e-01";"2.56e-01";"1.21e-01";"2.18e-01";"8.91e-01";"a";"a";"a"
"AT2G38870.1";"7.619";"7.619";"7.463";"1.39e-01";"2.74e-01";"1.00e+00";"1.82e-01";"1.82e-01";"a";"a";"a"
"AT2G39990.1";"7.396";"7.338";"7.371";"7.28e-01";"7.68e-01";"7.08e-01";"9.31e-01";"8.95e-01";"a";"a";"a"
"AT2G40170.1";"7.994";"8.748";"8.43";"9.67e-02";"2.39e-01";"8.45e-02";"3.42e-01";"5.40e-01";"a";"a";"a"
"AT2G41220.1";"7.018";"7.019";"7.184";"1.09e-01";"2.48e-01";"1.00e+00";"1.46e-01";"1.48e-01";"a";"a";"a"
"AT2G41260.1";"8.31";"8.062";"7.802";"1.37e-01";"2.73e-01";"5.16e-01";"1.20e-01";"4.89e-01";"a";"a";"a"
"AT2G41530.1";"7.896";"7.904";"7.93";"7.96e-01";"8.21e-01";"9.87e-01";"7.95e-01";"8.73e-01";"a";"a";"a"
"AT2G41840.1";"7.562";"7.613";"7.431";"4.10e-01";"4.95e-01";"9.20e-01";"6.01e-01";"4.00e-01";"a";"a";"a"
"AT2G42000.1";"7.409";"7.424";"7.548";"5.51e-01";"6.16e-01";"9.93e-01";"5.78e-01";"6.41e-01";"a";"a";"a"
"AT2G42500.1";"7.068";"7.117";"7.251";"6.75e-01";"7.20e-01";"9.69e-01";"6.68e-01";"8.01e-01";"a";"a";"a"
"AT2G42520.1";"7.741";"7.597";"7.677";"1.66e-01";"3.01e-01";"1.47e-01";"6.15e-01";"4.79e-01";"a";"a";"a"
"AT2G42560.1";"9.32";"9.553";"9.432";"8.96e-02";"2.32e-01";"7.71e-02";"4.42e-01";"3.93e-01";"a";"a";"a"
"AT2G42740.1";"7.983";"7.698";"8.051";"1.85e-01";"3.08e-01";"3.08e-01";"9.23e-01";"1.92e-01";"a";"a";"a"
"AT2G42790.1";"7.268";"7.443";"7.413";"6.38e-02";"1.90e-01";"6.91e-02";"1.28e-01";"8.81e-01";"a";"a";"a"
"AT2G43090.1";"7.445";"7.568";"7.627";"2.41e-01";"3.58e-01";"4.61e-01";"2.27e-01";"8.24e-01";"a";"a";"a"
"AT2G43520.1";"7.299";"7.556";"7.982";"3.11e-04";"1.29e-02";"3.41e-02";"2.59e-04";"3.29e-03";"a";"b";"c"
"AT2G43750.1";"7.535";"7.469";"7.371";"3.34e-02";"1.38e-01";"3.90e-01";"2.86e-02";"1.67e-01";"b";"ab";"a"
"AT2G43950.1";"7.427";"7.32";"7.173";"1.61e-03";"3.64e-02";"6.87e-02";"1.31e-03";"1.91e-02";"b";"b";"a"
"AT2G44060.1";"7.22";"7.38";"7.554";"1.02e-03";"2.96e-02";"2.98e-02";"8.13e-04";"2.05e-02";"a";"b";"c"
"AT2G44120.1";"7.788";"7.731";"7.765";"4.82e-01";"5.64e-01";"4.56e-01";"8.68e-01";"7.36e-01";"a";"a";"a"
"AT2G44350.1";"7.938";"7.86";"7.985";"6.21e-01";"6.72e-01";"8.11e-01";"9.25e-01";"6.00e-01";"a";"a";"a"
"AT2G45140.1";"7.554";"7.511";"7.513";"5.03e-01";"5.75e-01";"5.51e-01";"5.71e-01";"9.99e-01";"a";"a";"a"
"AT2G45290.1";"7.971";"7.815";"7.941";"3.31e-01";"4.32e-01";"3.39e-01";"9.52e-01";"4.74e-01";"a";"a";"a"
"AT2G45710.1";"7.258";"7.393";"7.28";"6.67e-01";"7.12e-01";"6.78e-01";"9.89e-01";"7.57e-01";"a";"a";"a"
"AT2G46280.1";"7.403";"7.354";"7.367";"3.71e-01";"4.69e-01";"3.64e-01";"5.56e-01";"9.19e-01";"a";"a";"a"
"AT2G46750.1";"8.164";"8.018";"7.607";"3.43e-04";"1.31e-02";"1.39e-01";"3.32e-04";"1.74e-03";"b";"b";"a"
"AT2G47470.1";"8.316";"8.218";"8.345";"9.10e-02";"2.32e-01";"1.95e-01";"8.27e-01";"9.14e-02";"a";"a";"a"
"AT2G47770.1";"7.844";"8.184";"8.04";"1.73e-01";"3.04e-01";"1.55e-01";"4.68e-01";"6.49e-01";"a";"a";"a"
"AT3G01280.1";"7.747";"7.756";"7.368";"2.25e-02";"1.15e-01";"9.96e-01";"3.59e-02";"3.25e-02";"b";"b";"a"
"AT3G01390.1";"7.08";"7.516";"7.46";"6.00e-02";"1.85e-01";"6.92e-02";"1.10e-01";"9.31e-01";"a";"a";"a"
"AT3G01570.1";"8.088";"8.488";"7.998";"2.36e-01";"3.57e-01";"3.65e-01";"9.43e-01";"2.46e-01";"a";"a";"a"
"AT3G01910.1";"7.808";"7.737";"7.524";"1.27e-01";"2.69e-01";"8.33e-01";"1.25e-01";"2.62e-01";"a";"a";"a"
"AT3G02080.1";"7.542";"7.765";"7.632";"1.82e-01";"3.06e-01";"1.64e-01";"6.81e-01";"4.62e-01";"a";"a";"a"
"AT3G02090.1";"7.417";"7.613";"7.63";"5.10e-02";"1.69e-01";"8.53e-02";"6.38e-02";"9.71e-01";"a";"a";"a"
"AT3G02230.1";"7.701";"7.829";"7.811";"4.84e-01";"5.64e-01";"5.05e-01";"5.91e-01";"9.86e-01";"a";"a";"a"
"AT3G02360.1";"7.563";"7.691";"7.592";"4.99e-01";"5.74e-01";"4.99e-01";"9.61e-01";"6.46e-01";"a";"a";"a"
"AT3G02480.1";"9.217";"9.053";"8.884";"1.77e-04";"1.22e-02";"6.13e-03";"1.39e-04";"5.39e-03";"c";"b";"a"
"AT3G02530.1";"7.416";"7.671";"7.678";"1.16e-01";"2.56e-01";"1.61e-01";"1.49e-01";"9.98e-01";"a";"a";"a"
"AT3G02560.1";"7.196";"7.442";"7.451";"1.52e-01";"2.89e-01";"2.06e-01";"1.88e-01";"9.97e-01";"a";"a";"a"
"AT3G02720.1";"6.885";"7.086";"7.129";"6.45e-02";"1.91e-01";"1.29e-01";"6.97e-02";"8.80e-01";"a";"a";"a"
"AT3G03960.1";"7.572";"7.761";"7.704";"1.44e-01";"2.80e-01";"1.36e-01";"3.20e-01";"7.79e-01";"a";"a";"a"
"AT3G04170.1";"7.176";"7.386";"7.304";"5.56e-01";"6.20e-01";"5.33e-01";"7.78e-01";"9.01e-01";"a";"a";"a"
"AT3G04790.1";"7.311";"7.401";"6.943";"2.39e-01";"3.58e-01";"9.33e-01";"3.76e-01";"2.45e-01";"a";"a";"a"
"AT3G04840.1";"7.71";"7.694";"7.81";"3.51e-01";"4.48e-01";"9.77e-01";"4.67e-01";"3.71e-01";"a";"a";"a"
"AT3G05190.1";"7.472";"7.463";"7.218";"2.23e-02";"1.15e-01";"9.92e-01";"3.15e-02";"3.66e-02";"b";"b";"a"
"AT3G05260.1";"8.803";"8.866";"8.951";"6.62e-02";"1.96e-01";"4.61e-01";"5.71e-02";"2.82e-01";"a";"a";"a"
"AT3G05530.1";"7.445";"7.706";"7.571";"2.15e-01";"3.39e-01";"1.92e-01";"6.26e-01";"5.80e-01";"a";"a";"a"
"AT3G05560.1";"7.747";"7.869";"7.854";"4.48e-01";"5.34e-01";"4.74e-01";"5.52e-01";"9.88e-01";"a";"a";"a"
"AT3G06050.1";"8.192";"8.162";"8.068";"2.00e-02";"1.13e-01";"6.32e-01";"1.97e-02";"6.13e-02";"b";"ab";"a"
"AT3G06860.1";"7.747";"7.789";"7.718";"2.89e-01";"4.02e-01";"5.80e-01";"7.71e-01";"2.65e-01";"a";"a";"a"
"AT3G07110.1";"7.288";"6.867";"7.11";"3.76e-01";"4.74e-01";"3.50e-01";"8.05e-01";"6.75e-01";"a";"a";"a"
"AT3G08030.1";"7.319";"7.024";"6.667";"1.22e-03";"3.22e-02";"4.24e-02";"9.76e-04";"1.94e-02";"c";"b";"a"
"AT3G08530.1";"7.645";"7.61";"7.529";"1.91e-01";"3.12e-01";"8.15e-01";"1.81e-01";"3.85e-01";"a";"a";"a"
"AT3G08580.1";"7.78";"7.994";"7.84";"5.58e-01";"6.20e-01";"5.49e-01";"9.50e-01";"7.21e-01";"a";"a";"a"
"AT3G08590.1";"7.629";"7.521";"7.513";"2.81e-01";"3.96e-01";"3.64e-01";"3.19e-01";"9.93e-01";"a";"a";"a"
"AT3G08770.1";"7.492";"7.184";"7.166";"5.76e-02";"1.82e-01";"9.03e-02";"7.48e-02";"9.88e-01";"a";"a";"a"
"AT3G08900.1";"7.475";"7.58";"7.807";"5.83e-02";"1.82e-01";"6.33e-01";"5.37e-02";"1.78e-01";"a";"a";"a"
"AT3G09200.1";"8.275";"8.223";"8.391";"1.29e-01";"2.70e-01";"7.55e-01";"3.03e-01";"1.21e-01";"a";"a";"a"
"AT3G09440.1";"7.62";"7.454";"7.33";"8.59e-02";"2.29e-01";"3.24e-01";"7.47e-02";"5.12e-01";"a";"a";"a"
"AT3G09840.1";"7.866";"7.307";"7.426";"5.12e-02";"1.69e-01";"5.28e-02";"1.19e-01";"8.03e-01";"a";"a";"a"
"AT3G10020.1";"7.805";"7.97";"7.935";"4.48e-01";"5.34e-01";"4.51e-01";"5.96e-01";"9.59e-01";"a";"a";"a"
"AT3G10410.1";"7.96";"7.977";"7.911";"7.58e-01";"7.93e-01";"9.82e-01";"8.50e-01";"7.54e-01";"a";"a";"a"
"AT3G10920.1";"6.962";"7.029";"7.051";"6.90e-01";"7.30e-01";"8.05e-01";"6.86e-01";"9.75e-01";"a";"a";"a"
"AT3G11050.1";"8.096";"8.259";"8.194";"5.11e-01";"5.81e-01";"4.86e-01";"7.55e-01";"8.80e-01";"a";"a";"a"
"AT3G11630.1";"8.027";"8.225";"8.18";"1.02e-01";"2.42e-01";"1.02e-01";"2.12e-01";"8.38e-01";"a";"a";"a"
"AT3G11930.1";"8.004";"8.359";"8.29";"2.73e-01";"3.89e-01";"2.81e-01";"4.13e-01";"9.43e-01";"a";"a";"a"
"AT3G12145.1";"7.483";"7.333";"7.456";"1.86e-01";"3.08e-01";"1.96e-01";"9.36e-01";"3.00e-01";"a";"a";"a"
"AT3G12203.1";"8.016";"7.941";"7.723";"1.10e-02";"7.83e-02";"5.30e-01";"1.07e-02";"3.88e-02";"b";"b";"a"
"AT3G12390.1";"7.305";"7.011";"7.276";"6.74e-02";"1.96e-01";"8.09e-02";"9.63e-01";"1.13e-01";"a";"a";"a"
"AT3G12490.1";"8.351";"8.266";"8.138";"1.83e-01";"3.07e-01";"6.87e-01";"1.65e-01";"4.59e-01";"a";"a";"a"
"AT3G12580.1";"8.601";"8.678";"8.772";"4.12e-03";"5.33e-02";"1.00e-01";"3.34e-03";"4.91e-02";"a";"a";"b"
"AT3G12780.1";"8.015";"8.193";"8.257";"3.34e-02";"1.38e-01";"9.92e-02";"3.23e-02";"6.56e-01";"a";"ab";"b"
"AT3G12800.1";"7.369";"7.633";"7.671";"3.77e-02";"1.46e-01";"7.31e-02";"4.43e-02";"9.15e-01";"a";"ab";"b"
"AT3G12960.1";"8.138";"8.493";"8.613";"4.01e-02";"1.51e-01";"1.10e-01";"3.94e-02";"7.05e-01";"a";"ab";"b"
"AT3G13235.1";"7.391";"7.337";"7.435";"3.04e-01";"4.13e-01";"6.32e-01";"7.41e-01";"2.78e-01";"a";"a";"a"
"AT3G13300.1";"7.576";"7.465";"7.448";"5.04e-03";"5.62e-02";"1.21e-02";"6.11e-03";"7.91e-01";"b";"a";"a"
"AT3G13790.1";"7.041";"6.958";"6.892";"1.71e-01";"3.04e-01";"4.88e-01";"1.52e-01";"6.17e-01";"a";"a";"a"
"AT3G13920.1";"8.072";"8.386";"8.167";"7.87e-02";"2.14e-01";"7.35e-02";"6.94e-01";"2.13e-01";"a";"a";"a"
"AT3G13930.1";"7.509";"7.339";"7.408";"1.00e-01";"2.41e-01";"8.79e-02";"3.36e-01";"5.66e-01";"a";"a";"a"
"AT3G14067.1";"8.128";"8.018";"7.949";"1.10e-03";"3.05e-02";"1.09e-02";"9.12e-04";"7.27e-02";"b";"a";"a"
"AT3G14310.1";"7.413";"7.368";"7.654";"3.07e-02";"1.36e-01";"8.57e-01";"6.63e-02";"3.44e-02";"ab";"a";"b"
"AT3G14360.1";"7.513";"7.579";"7.414";"9.66e-03";"7.60e-02";"2.29e-01";"6.85e-02";"8.13e-03";"ab";"b";"a"
"AT3G14990.1";"7.624";"7.844";"7.939";"1.03e-02";"7.74e-02";"4.49e-02";"9.43e-03";"4.10e-01";"a";"b";"b"
"AT3G15090.1";"7.39";"7.189";"7.321";"5.82e-02";"1.82e-01";"5.24e-02";"5.78e-01";"1.97e-01";"a";"a";"a"
"AT3G15180.1";"7.141";"7.392";"7.099";"2.67e-01";"3.83e-01";"3.80e-01";"9.68e-01";"2.86e-01";"a";"a";"a"
"AT3G15260.1";"8.207";"8.332";"8.252";"2.03e-01";"3.26e-01";"1.87e-01";"7.60e-01";"4.45e-01";"a";"a";"a"
"AT3G15280.1";"8.451";"8.553";"8.545";"1.53e-01";"2.90e-01";"1.81e-01";"2.19e-01";"9.87e-01";"a";"a";"a"
"AT3G15670.1";"9.237";"9.211";"9.016";"9.61e-02";"2.39e-01";"9.58e-01";"1.11e-01";"1.59e-01";"a";"a";"a"
"AT3G15730.1";"7.9";"7.932";"7.789";"2.70e-01";"3.85e-01";"9.20e-01";"4.28e-01";"2.71e-01";"a";"a";"a"
"AT3G16190.1";"8.209";"8.158";"7.915";"1.26e-01";"2.67e-01";"9.18e-01";"1.34e-01";"2.21e-01";"a";"a";"a"
"AT3G16640.1";"8.341";"8.49";"8.415";"2.37e-01";"3.57e-01";"2.13e-01";"6.27e-01";"6.23e-01";"a";"a";"a"
"AT3G16895.1";"7.677";"7.838";"7.913";"2.41e-02";"1.20e-01";"9.41e-02";"2.19e-02";"4.96e-01";"a";"ab";"b"
"AT3G16950.1";"7.498";"7.442";"7.347";"2.97e-01";"4.07e-01";"8.08e-01";"2.76e-01";"5.60e-01";"a";"a";"a"
"AT3G16990.1";"7.373";"7.696";"7.447";"1.14e-01";"2.53e-01";"1.15e-01";"8.49e-01";"2.31e-01";"a";"a";"a"
"AT3G17020.1";"7.417";"7.698";"7.404";"1.19e-01";"2.58e-01";"1.69e-01";"9.94e-01";"1.49e-01";"a";"a";"a"
"AT3G17240.1";"7.712";"7.763";"7.647";"1.30e-01";"2.71e-01";"5.71e-01";"4.21e-01";"1.14e-01";"a";"a";"a"
"AT3G17520.1";"8.956";"9.102";"9.082";"3.08e-01";"4.16e-01";"3.30e-01";"4.20e-01";"9.76e-01";"a";"a";"a"
"AT3G17810.1";"8.037";"8.218";"8.26";"1.03e-01";"2.42e-01";"1.93e-01";"1.08e-01";"8.95e-01";"a";"a";"a"
"AT3G17940.1";"7.27";"7.13";"7.366";"1.29e-02";"8.23e-02";"8.77e-02";"2.54e-01";"1.08e-02";"ab";"a";"b"
"AT3G18080.1";"7.625";"7.766";"7.648";"3.23e-01";"4.24e-01";"3.37e-01";"9.65e-01";"4.50e-01";"a";"a";"a"
"AT3G18190.1";"7.094";"7.402";"7.221";"9.62e-02";"2.39e-01";"8.44e-02";"5.54e-01";"3.31e-01";"a";"a";"a"
"AT3G18490.1";"8.092";"7.971";"7.875";"1.47e-02";"8.77e-02";"1.17e-01";"1.21e-02";"2.19e-01";"b";"ab";"a"
"AT3G18570.1";"7.818";"7.895";"7.962";"4.02e-01";"4.89e-01";"7.29e-01";"3.74e-01";"7.84e-01";"a";"a";"a"
"AT3G18820.1";"7.457";"7.663";"7.51";"2.58e-01";"3.73e-01";"2.53e-01";"8.92e-01";"4.35e-01";"a";"a";"a"
"AT3G19170.1";"7.091";"7.184";"7.129";"2.82e-01";"3.96e-01";"2.59e-01";"7.66e-01";"5.75e-01";"a";"a";"a"
"AT3G19420.1";"7.074";"7.155";"7.093";"7.31e-01";"7.69e-01";"7.28e-01";"9.81e-01";"8.29e-01";"a";"a";"a"
"AT3G19760.1";"7.243";"7.284";"7.168";"2.30e-01";"3.51e-01";"7.80e-01";"4.77e-01";"2.13e-01";"a";"a";"a"
"AT3G19820.1";"7.22";"7.286";"7.107";"3.78e-01";"4.74e-01";"8.51e-01";"6.32e-01";"3.57e-01";"a";"a";"a"
"AT3G19920.1";"7.761";"7.627";"7.703";"2.50e-01";"3.67e-01";"2.26e-01";"7.11e-01";"5.69e-01";"a";"a";"a"
"AT3G20390.1";"8";"7.978";"7.915";"4.46e-02";"1.57e-01";"6.98e-01";"4.33e-02";"1.23e-01";"b";"ab";"a"
"AT3G20820.1";"7.667";"7.548";"7.512";"6.63e-03";"6.00e-02";"2.23e-02";"6.74e-03";"5.40e-01";"b";"a";"a"
"AT3G21370.1";"9.164";"9.169";"8.962";"2.58e-01";"3.73e-01";"9.99e-01";"3.23e-01";"3.07e-01";"a";"a";"a"
"AT3G21380.1";"8.793";"8.763";"8.811";"8.68e-01";"8.84e-01";"9.41e-01";"9.79e-01";"8.59e-01";"a";"a";"a"
"AT3G21720.1";"8.611";"8.443";"8.299";"1.10e-02";"7.83e-02";"1.06e-01";"9.02e-03";"1.69e-01";"b";"ab";"a"
"AT3G22110.1";"7.473";"7.606";"7.6";"9.93e-02";"2.41e-01";"1.26e-01";"1.44e-01";"9.94e-01";"a";"a";"a"
"AT3G22200.1";"7.654";"7.666";"7.823";"6.12e-03";"5.80e-02";"9.42e-01";"8.45e-03";"1.19e-02";"a";"a";"b"
"AT3G22490.1";"8.611";"8.633";"8.564";"6.10e-01";"6.63e-01";"9.41e-01";"7.81e-01";"5.94e-01";"a";"a";"a"
"AT3G22500.1";"8.354";"8.484";"8.424";"2.30e-01";"3.51e-01";"2.07e-01";"5.79e-01";"6.58e-01";"a";"a";"a"
"AT3G22640.1";"9.314";"9.051";"9.007";"3.77e-01";"4.74e-01";"4.94e-01";"3.96e-01";"9.78e-01";"a";"a";"a"
"AT3G23400.1";"8.482";"8.56";"8.688";"1.12e-02";"7.83e-02";"2.74e-01";"9.59e-03";"6.99e-02";"a";"ab";"b"
"AT3G23490.1";"7.817";"7.777";"7.612";"2.20e-02";"1.15e-01";"7.55e-01";"2.34e-02";"5.62e-02";"b";"ab";"a"
"AT3G23570.1";"7.387";"7.485";"7.599";"3.63e-03";"5.15e-02";"8.28e-02";"2.93e-03";"4.94e-02";"a";"a";"b"
"AT3G23940.1";"7.595";"7.676";"7.594";"3.70e-01";"4.68e-01";"4.38e-01";"1.00e+00";"4.24e-01";"a";"a";"a"
"AT3G23990.1";"6.995";"7.256";"7.184";"1.64e-01";"3.00e-01";"1.59e-01";"3.31e-01";"8.29e-01";"a";"a";"a"
"AT3G24170.1";"7.455";"7.372";"7.467";"5.01e-01";"5.74e-01";"6.00e-01";"9.90e-01";"5.26e-01";"a";"a";"a"
"AT3G25230.1";"7.767";"7.638";"7.834";"2.51e-01";"3.69e-01";"4.89e-01";"8.09e-01";"2.35e-01";"a";"a";"a"
"AT3G25860.1";"7.79";"7.642";"7.778";"7.53e-02";"2.09e-01";"9.21e-02";"9.75e-01";"1.21e-01";"a";"a";"a"
"AT3G26060.1";"8.035";"7.868";"8.125";"1.17e-02";"7.86e-02";"6.29e-02";"3.25e-01";"1.02e-02";"ab";"a";"b"
"AT3G26070.1";"7.118";"7.504";"7.56";"7.15e-02";"2.05e-01";"1.26e-01";"8.23e-02";"9.41e-01";"a";"a";"a"
"AT3G26380.1";"7.683";"7.488";"7.722";"1.08e-02";"7.83e-02";"2.72e-02";"7.62e-01";"1.21e-02";"b";"a";"b"
"AT3G26650.1";"7.608";"7.61";"7.707";"1.60e-01";"2.96e-01";"9.99e-01";"2.00e-01";"2.13e-01";"a";"a";"a"
"AT3G26720.1";"7.835";"7.693";"7.794";"2.15e-01";"3.39e-01";"2.06e-01";"8.42e-01";"4.07e-01";"a";"a";"a"
"AT3G27240.1";"7.442";"7.671";"7.542";"1.98e-01";"3.19e-01";"1.77e-01";"6.59e-01";"5.14e-01";"a";"a";"a"
"AT3G27430.2";"7.659";"7.779";"7.61";"4.21e-02";"1.51e-01";"1.32e-01";"6.24e-01";"3.94e-02";"ab";"b";"a"
"AT3G27660.1";"10.007";"9.782";"9.933";"2.40e-01";"3.58e-01";"2.25e-01";"8.15e-01";"4.67e-01";"a";"a";"a"
"AT3G29360.1";"7.482";"7.379";"7.186";"4.25e-02";"1.51e-01";"5.26e-01";"3.79e-02";"1.59e-01";"b";"ab";"a"
"AT3G42170.1";"7.359";"7.025";"7.274";"3.21e-01";"4.24e-01";"3.17e-01";"9.14e-01";"5.00e-01";"a";"a";"a"
"AT3G44100.1";"8.504";"8.227";"8.443";"4.44e-03";"5.33e-02";"4.57e-03";"5.10e-01";"1.52e-02";"b";"a";"b"
"AT3G44110.1";"7.51";"7.4";"7.577";"1.31e-02";"8.23e-02";"7.73e-02";"2.98e-01";"1.12e-02";"ab";"a";"b"
"AT3G44300.1";"7.645";"7.894";"7.975";"4.57e-03";"5.33e-02";"1.73e-02";"4.52e-03";"4.46e-01";"a";"b";"b"
"AT3G45030.1";"8.262";"8.096";"8.178";"2.80e-01";"3.95e-01";"2.53e-01";"6.58e-01";"6.72e-01";"a";"a";"a"
"AT3G47520.1";"7.949";"7.978";"8.076";"1.36e-01";"2.73e-01";"8.68e-01";"1.37e-01";"2.60e-01";"a";"a";"a"
"AT3G47930.1";"7.106";"7.014";"6.932";"4.63e-02";"1.62e-01";"2.71e-01";"3.91e-02";"3.38e-01";"b";"ab";"a"
"AT3G48000.1";"8.027";"8.034";"8.045";"9.39e-01";"9.47e-01";"9.88e-01";"9.34e-01";"9.77e-01";"a";"a";"a"
"AT3G48990.1";"8.381";"8.35";"8.283";"2.40e-01";"3.58e-01";"8.27e-01";"2.27e-01";"4.57e-01";"a";"a";"a"
"AT3G49910.1";"7.554";"7.487";"7.478";"7.63e-01";"7.97e-01";"8.22e-01";"7.78e-01";"9.96e-01";"a";"a";"a"
"AT3G50980.1";"7.393";"7.333";"7.847";"2.83e-01";"3.97e-01";"9.80e-01";"3.86e-01";"3.09e-01";"a";"a";"a"
"AT3G51800.1";"8.026";"7.902";"8.104";"3.62e-02";"1.42e-01";"1.66e-01";"4.27e-01";"3.14e-02";"ab";"a";"b"
"AT3G51810.1";"8.956";"9.089";"9.226";"3.28e-02";"1.38e-01";"2.62e-01";"2.74e-02";"2.44e-01";"a";"ab";"b"
"AT3G51840.1";"7.62";"7.574";"7.644";"6.59e-01";"7.06e-01";"8.21e-01";"9.45e-01";"6.43e-01";"a";"a";"a"
"AT3G52300.1";"6.993";"7.72";"7.45";"1.19e-01";"2.58e-01";"1.07e-01";"3.36e-01";"6.53e-01";"a";"a";"a"
"AT3G52850.1";"8.243";"8.133";"8.001";"2.07e-03";"3.67e-02";"5.97e-02";"1.66e-03";"3.05e-02";"b";"b";"a"
"AT3G52930.1";"8.543";"8.5";"8.328";"1.56e-01";"2.92e-01";"9.03e-01";"1.60e-01";"2.76e-01";"a";"a";"a"
"AT3G52960.1";"8.51";"8.533";"8.59";"3.45e-02";"1.41e-01";"6.21e-01";"3.26e-02";"1.09e-01";"a";"ab";"b"
"AT3G52990.1";"7.773";"7.813";"7.692";"1.78e-01";"3.05e-01";"7.69e-01";"3.92e-01";"1.66e-01";"a";"a";"a"
"AT3G53040.1";"8.943";"9.093";"9.069";"1.83e-01";"3.07e-01";"1.95e-01";"2.91e-01";"9.45e-01";"a";"a";"a"
"AT3G53110.1";"7.589";"7.498";"7.579";"4.99e-02";"1.68e-01";"5.95e-02";"9.44e-01";"8.95e-02";"a";"a";"a"
"AT3G53970.1";"7.521";"7.472";"7.369";"2.75e-01";"3.90e-01";"8.41e-01";"2.61e-01";"5.01e-01";"a";"a";"a"
"AT3G53990.1";"7.534";"7.781";"7.287";"8.25e-02";"2.22e-01";"4.00e-01";"4.01e-01";"7.07e-02";"a";"a";"a"
"AT3G54400.1";"8.363";"8.155";"8.017";"7.11e-04";"2.24e-02";"8.23e-03";"5.85e-04";"4.77e-02";"c";"b";"a"
"AT3G54660.1";"7.204";"7.359";"7.27";"4.82e-01";"5.64e-01";"4.55e-01";"8.55e-01";"7.51e-01";"a";"a";"a"
"AT3G55120.1";"7.467";"7.12";"7.05";"1.74e-02";"1.01e-01";"4.18e-02";"1.94e-02";"7.98e-01";"b";"a";"a"
"AT3G55260.1";"7.535";"7.606";"7.479";"1.45e-01";"2.80e-01";"4.49e-01";"5.86e-01";"1.28e-01";"a";"a";"a"
"AT3G55360.1";"7.414";"7.188";"7.432";"1.88e-01";"3.09e-01";"2.61e-01";"9.89e-01";"2.19e-01";"a";"a";"a"
"AT3G55440.1";"8.877";"8.803";"8.781";"9.03e-02";"2.32e-01";"1.93e-01";"9.09e-02";"8.29e-01";"a";"a";"a"
"AT3G55800.1";"7.129";"7.293";"7.329";"1.76e-01";"3.04e-01";"2.89e-01";"1.85e-01";"9.32e-01";"a";"a";"a"
"AT3G56150.1";"7.357";"7.04";"6.938";"1.10e-01";"2.48e-01";"2.32e-01";"1.09e-01";"8.27e-01";"a";"a";"a"
"AT3G56310.1";"7.771";"7.854";"7.81";"4.66e-01";"5.51e-01";"4.36e-01";"8.17e-01";"7.71e-01";"a";"a";"a"
"AT3G56350.1";"9.147";"8.91";"8.833";"1.40e-01";"2.75e-01";"2.78e-01";"1.39e-01";"8.49e-01";"a";"a";"a"
"AT3G57020.1";"8.738";"8.537";"8.579";"3.92e-02";"1.49e-01";"4.06e-02";"9.50e-02";"7.82e-01";"b";"a";"ab"
"AT3G57290.1";"7.379";"7.728";"7.524";"1.48e-01";"2.84e-01";"1.31e-01";"6.29e-01";"4.23e-01";"a";"a";"a"
"AT3G57890.1";"7.428";"7.623";"7.404";"1.12e-01";"2.51e-01";"1.78e-01";"9.67e-01";"1.30e-01";"a";"a";"a"
"AT3G58450.1";"8.37";"8.577";"8.508";"2.18e-02";"1.15e-01";"1.95e-02";"9.20e-02";"4.54e-01";"a";"b";"ab"
"AT3G58460.1";"6.806";"6.943";"6.969";"2.29e-01";"3.51e-01";"3.44e-01";"2.42e-01";"9.55e-01";"a";"a";"a"
"AT3G58550.1";"7.136";"6.892";"7.158";"1.75e-01";"3.04e-01";"2.49e-01";"9.86e-01";"2.03e-01";"a";"a";"a"
"AT3G58610.1";"7.993";"8.021";"8.224";"1.06e-02";"7.83e-02";"8.68e-01";"1.30e-02";"2.31e-02";"a";"a";"b"
"AT3G58680.1";"7.199";"7.404";"7.412";"1.37e-01";"2.73e-01";"1.90e-01";"1.71e-01";"9.96e-01";"a";"a";"a"
"AT3G60340.1";"7.944";"7.866";"7.785";"1.02e-01";"2.42e-01";"4.55e-01";"8.79e-02";"4.27e-01";"a";"a";"a"
"AT3G60730.1";"8.733";"8.605";"8.232";"8.48e-06";"1.56e-03";"1.38e-02";"7.82e-06";"4.64e-05";"c";"b";"a"
"AT3G60750.1";"8.206";"8.251";"8.299";"3.18e-01";"4.22e-01";"7.12e-01";"2.90e-01";"6.81e-01";"a";"a";"a"
"AT3G60820.1";"7.656";"7.847";"7.698";"5.66e-01";"6.26e-01";"5.67e-01";"9.71e-01";"6.98e-01";"a";"a";"a"
"AT3G61220.1";"7.363";"7.398";"7.667";"3.17e-01";"4.22e-01";"9.84e-01";"3.44e-01";"4.19e-01";"a";"a";"a"
"AT3G62030.1";"7.987";"7.792";"8.162";"2.01e-02";"1.13e-01";"1.66e-01";"2.21e-01";"1.66e-02";"ab";"a";"b"
"AT3G62120.1";"7.381";"7.193";"7.335";"8.71e-02";"2.29e-01";"8.65e-02";"8.07e-01";"1.94e-01";"a";"a";"a"
"AT3G62730.1";"8.419";"8.546";"8.218";"1.19e-01";"2.58e-01";"6.28e-01";"3.51e-01";"1.06e-01";"a";"a";"a"
"AT3G63170.1";"7.403";"7.435";"7.57";"5.42e-01";"6.09e-01";"9.77e-01";"5.49e-01";"6.65e-01";"a";"a";"a"
"AT3G63460.1";"7.212";"7.096";"7.25";"3.18e-01";"4.22e-01";"4.90e-01";"9.21e-01";"3.16e-01";"a";"a";"a"
"AT3G63520.1";"7.513";"7.436";"7.423";"9.50e-02";"2.38e-01";"1.65e-01";"1.06e-01";"9.37e-01";"a";"a";"a"
"AT3G63540.1";"7.149";"7.068";"6.823";"1.24e-02";"8.12e-02";"5.65e-01";"1.22e-02";"4.17e-02";"b";"b";"a"
"AT4G01050.1";"7.327";"7.577";"7.551";"8.77e-02";"2.30e-01";"1.03e-01";"1.43e-01";"9.65e-01";"a";"a";"a"
"AT4G01900.1";"8.562";"8.448";"8.567";"1.12e-02";"7.83e-02";"1.92e-02";"9.89e-01";"1.64e-02";"b";"a";"b"
"AT4G02280.1";"7.92";"8.045";"7.886";"2.59e-02";"1.26e-01";"6.86e-02";"7.29e-01";"2.66e-02";"ab";"b";"a"
"AT4G02340.1";"7.341";"7.374";"7.485";"3.66e-01";"4.64e-01";"9.40e-01";"3.66e-01";"5.28e-01";"a";"a";"a"
"AT4G02360.1";"7.964";"7.816";"7.688";"1.10e-01";"2.48e-01";"4.13e-01";"9.52e-02";"5.02e-01";"a";"a";"a"
"AT4G02450.1";"7.265";"7.543";"7.52";"2.34e-01";"3.55e-01";"2.66e-01";"3.17e-01";"9.88e-01";"a";"a";"a"
"AT4G02510.1";"6.955";"6.994";"6.886";"3.12e-01";"4.18e-01";"8.28e-01";"5.64e-01";"2.92e-01";"a";"a";"a"
"AT4G02520.1";"7.573";"7.913";"7.723";"4.09e-01";"4.95e-01";"3.81e-01";"8.07e-01";"7.14e-01";"a";"a";"a"
"AT4G03200.1";"7.637";"7.592";"7.708";"2.96e-01";"4.07e-01";"7.92e-01";"5.72e-01";"2.74e-01";"a";"a";"a"
"AT4G04460.1";"8.841";"8.775";"8.668";"1.82e-01";"3.06e-01";"7.10e-01";"1.65e-01";"4.40e-01";"a";"a";"a"
"AT4G05420.1";"7.155";"7.093";"7.08";"7.39e-03";"6.53e-02";"1.95e-02";"8.33e-03";"7.24e-01";"b";"a";"a"
"AT4G08390.1";"7.279";"7.403";"7.176";"3.88e-01";"4.80e-01";"7.08e-01";"7.86e-01";"3.59e-01";"a";"a";"a"
"AT4G09000.1";"7.182";"7.875";"7.355";"2.16e-01";"3.39e-01";"2.13e-01";"8.84e-01";"3.80e-01";"a";"a";"a"
"AT4G09320.1";"7.817";"8.152";"7.977";"2.87e-01";"4.01e-01";"2.61e-01";"6.93e-01";"6.50e-01";"a";"a";"a"
"AT4G09600.1";"7.857";"8.16";"8.234";"2.96e-02";"1.36e-01";"7.21e-02";"3.14e-02";"7.84e-01";"a";"ab";"b"
"AT4G10020.1";"8.925";"8.997";"9.057";"1.15e-02";"7.86e-02";"1.07e-01";"9.45e-03";"1.77e-01";"a";"ab";"b"
"AT4G10040.1";"7.456";"7.374";"7.267";"6.16e-02";"1.87e-01";"4.37e-01";"5.28e-02";"2.78e-01";"a";"a";"a"
"AT4G10320.1";"6.978";"6.927";"6.989";"6.85e-01";"7.28e-01";"7.72e-01";"9.90e-01";"6.96e-01";"a";"a";"a"
"AT4G10750.1";"7.625";"7.45";"7.592";"8.24e-03";"7.02e-02";"9.03e-03";"6.94e-01";"2.26e-02";"b";"a";"b"
"AT4G11150.1";"7.632";"7.901";"7.683";"3.61e-02";"1.42e-01";"3.85e-02";"8.13e-01";"8.36e-02";"a";"b";"ab"
"AT4G11600.1";"8.064";"7.98";"7.967";"5.55e-01";"6.19e-01";"6.53e-01";"5.76e-01";"9.90e-01";"a";"a";"a"
"AT4G12130.1";"8.086";"7.921";"8.04";"3.22e-02";"1.38e-01";"3.06e-02";"6.19e-01";"1.02e-01";"b";"a";"ab"
"AT4G12290.1";"8.222";"8.209";"8.096";"1.59e-01";"2.96e-01";"9.74e-01";"1.81e-01";"2.38e-01";"a";"a";"a"
"AT4G12420.1";"7.034";"6.928";"6.829";"1.04e-01";"2.43e-01";"4.23e-01";"9.01e-02";"4.69e-01";"a";"a";"a"
"AT4G13010.1";"7.921";"7.718";"7.774";"1.37e-01";"2.73e-01";"1.32e-01";"2.92e-01";"8.08e-01";"a";"a";"a"
"AT4G13200.1";"7.268";"7.205";"7.09";"1.51e-01";"2.89e-01";"7.10e-01";"1.38e-01";"3.75e-01";"a";"a";"a"
"AT4G13360.1";"7.644";"7.654";"7.541";"3.38e-01";"4.38e-01";"9.91e-01";"4.31e-01";"3.72e-01";"a";"a";"a"
"AT4G13430.1";"7.11";"7.174";"7.244";"2.70e-01";"3.85e-01";"6.81e-01";"2.44e-01";"6.32e-01";"a";"a";"a"
"AT4G13850.1";"7.846";"7.856";"7.687";"4.75e-01";"5.59e-01";"9.98e-01";"5.52e-01";"5.18e-01";"a";"a";"a"
"AT4G13930.1";"8.127";"8.128";"8.039";"5.22e-01";"5.91e-01";"1.00e+00";"5.81e-01";"5.77e-01";"a";"a";"a"
"AT4G13940.1";"8.385";"8.651";"8.576";"1.04e-01";"2.43e-01";"9.91e-02";"2.44e-01";"7.66e-01";"a";"a";"a"
"AT4G14030.1";"7.097";"7.048";"7.212";"2.39e-01";"3.58e-01";"8.49e-01";"4.39e-01";"2.28e-01";"a";"a";"a"
"AT4G14160.1";"7.105";"7.113";"7.211";"2.75e-01";"3.90e-01";"9.92e-01";"3.11e-01";"3.58e-01";"a";"a";"a"
"AT4G14880.1";"8.037";"8.164";"8.122";"3.22e-01";"4.24e-01";"3.06e-01";"5.52e-01";"8.58e-01";"a";"a";"a"
"AT4G15410.1";"7.138";"7.079";"7.166";"5.67e-01";"6.26e-01";"7.48e-01";"9.35e-01";"5.51e-01";"a";"a";"a"
"AT4G15530.1";"8.183";"8.078";"8.069";"1.14e-01";"2.53e-01";"1.72e-01";"1.37e-01";"9.83e-01";"a";"a";"a"
"AT4G16155.1";"7.787";"7.651";"7.785";"1.35e-01";"2.73e-01";"1.74e-01";"9.99e-01";"1.82e-01";"a";"a";"a"
"AT4G16210.1";"7.37";"7.499";"7.13";"3.66e-02";"1.43e-01";"4.97e-01";"1.45e-01";"3.25e-02";"ab";"b";"a"
"AT4G16500.1";"8.188";"8.248";"7.968";"1.22e-02";"8.10e-02";"6.47e-01";"3.61e-02";"1.26e-02";"b";"b";"a"
"AT4G16690.1";"7.319";"7.343";"7.175";"1.01e-02";"7.71e-02";"8.15e-01";"2.37e-02";"1.19e-02";"b";"b";"a"
"AT4G16720.1";"7.65";"7.509";"7.543";"3.44e-01";"4.43e-01";"3.42e-01";"5.14e-01";"9.29e-01";"a";"a";"a"
"AT4G16760.1";"7.418";"7.578";"7.66";"6.33e-03";"5.80e-02";"3.54e-02";"5.58e-03";"2.80e-01";"a";"b";"b"
"AT4G18100.1";"7.419";"7.491";"7.51";"8.20e-01";"8.42e-01";"8.83e-01";"8.21e-01";"9.91e-01";"a";"a";"a"
"AT4G18920.1";"7.313";"7.195";"7.281";"3.11e-01";"4.17e-01";"3.03e-01";"9.01e-01";"4.98e-01";"a";"a";"a"
"AT4G19410.1";"7.946";"7.875";"7.808";"2.40e-01";"3.58e-01";"6.09e-01";"2.16e-01";"6.49e-01";"a";"a";"a"
"AT4G20360.1";"7.544";"7.723";"7.87";"2.21e-04";"1.22e-02";"4.49e-03";"1.76e-04";"1.13e-02";"a";"b";"c"
"AT4G20830.1";"7.117";"7.229";"7.206";"2.98e-01";"4.07e-01";"3.01e-01";"4.49e-01";"9.37e-01";"a";"a";"a"
"AT4G20850.1";"8.788";"8.744";"8.689";"1.91e-01";"3.12e-01";"6.47e-01";"1.71e-01";"5.10e-01";"a";"a";"a"
"AT4G21020.1";"8.913";"8.969";"9.092";"3.62e-02";"1.42e-01";"5.68e-01";"3.32e-02";"1.25e-01";"a";"ab";"b"
"AT4G21150.1";"7.209";"7.206";"7.091";"2.44e-01";"3.60e-01";"9.99e-01";"2.93e-01";"3.06e-01";"a";"a";"a"
"AT4G21280.1";"7.112";"7.558";"7.567";"1.32e-02";"8.23e-02";"2.15e-02";"1.98e-02";"9.97e-01";"a";"b";"b"
"AT4G21580.1";"7.762";"7.75";"7.905";"5.22e-02";"1.70e-01";"9.75e-01";"8.64e-02";"6.58e-02";"a";"a";"a"
"AT4G21860.1";"7.814";"7.908";"7.943";"8.11e-02";"2.20e-01";"2.00e-01";"7.80e-02";"7.51e-01";"a";"a";"a"
"AT4G22670.1";"7.487";"7.618";"7.626";"2.76e-01";"3.90e-01";"3.54e-01";"3.16e-01";"9.95e-01";"a";"a";"a"
"AT4G24190.1";"8.047";"8.105";"8.214";"1.24e-02";"8.12e-02";"3.49e-01";"1.10e-02";"6.36e-02";"a";"ab";"b"
"AT4G24280.1";"7.595";"7.655";"7.722";"2.24e-01";"3.47e-01";"6.44e-01";"2.01e-01";"5.81e-01";"a";"a";"a"
"AT4G24620.1";"7.66";"7.553";"7.674";"7.12e-02";"2.05e-01";"1.24e-01";"9.48e-01";"8.30e-02";"a";"a";"a"
"AT4G24830.1";"7.045";"7.201";"7.152";"5.93e-01";"6.49e-01";"5.79e-01";"7.61e-01";"9.44e-01";"a";"a";"a"
"AT4G25130.1";"8.038";"7.956";"7.882";"3.07e-02";"1.36e-01";"2.17e-01";"2.56e-02";"2.73e-01";"b";"ab";"a"
"AT4G25140.1";"8.614";"8.61";"8.661";"9.20e-01";"9.30e-01";"1.00e+00";"9.39e-01";"9.28e-01";"a";"a";"a"
"AT4G25580.1";"8.382";"8.415";"8.475";"5.58e-01";"6.20e-01";"9.16e-01";"5.37e-01";"7.62e-01";"a";"a";"a"
"AT4G25740.1";"7.722";"7.872";"7.81";"2.26e-01";"3.48e-01";"2.05e-01";"5.22e-01";"7.15e-01";"a";"a";"a"
"AT4G26740.1";"8.378";"8.652";"8.66";"6.58e-01";"7.06e-01";"7.12e-01";"6.98e-01";"1.00e+00";"a";"a";"a"
"AT4G27090.1";"7.802";"8.054";"7.895";"1.35e-01";"2.73e-01";"1.22e-01";"6.74e-01";"3.61e-01";"a";"a";"a"
"AT4G27140.1";"8.534";"8.974";"9.077";"1.28e-01";"2.70e-01";"2.32e-01";"1.34e-01";"9.02e-01";"a";"a";"a"
"AT4G27160.1";"8.063";"8.175";"7.876";"2.23e-01";"3.46e-01";"7.54e-01";"4.85e-01";"2.05e-01";"a";"a";"a"
"AT4G27170.1";"9.582";"9.375";"9.615";"5.68e-01";"6.27e-01";"6.67e-01";"9.89e-01";"5.88e-01";"a";"a";"a"
"AT4G27500.1";"7.554";"7.49";"7.413";"6.11e-01";"6.63e-01";"8.88e-01";"5.85e-01";"8.43e-01";"a";"a";"a"
"AT4G27520.1";"8.155";"7.999";"7.913";"4.11e-03";"5.33e-02";"2.73e-02";"3.55e-03";"2.03e-01";"b";"a";"a"
"AT4G28510.1";"6.897";"7.361";"6.955";"1.65e-01";"3.00e-01";"1.83e-01";"9.65e-01";"2.52e-01";"a";"a";"a"
"AT4G28520.1";"10.102";"10.063";"10.179";"6.29e-01";"6.76e-01";"9.41e-01";"7.99e-01";"6.12e-01";"a";"a";"a"
"AT4G29840.1";"7.071";"7.16";"7.33";"1.39e-03";"3.36e-02";"1.25e-01";"1.21e-03";"1.02e-02";"a";"a";"b"
"AT4G30880.1";"8.324";"8.302";"7.947";"4.21e-03";"5.33e-02";"9.55e-01";"6.04e-03";"8.08e-03";"b";"b";"a"
"AT4G31180.1";"7.49";"7.381";"7.505";"3.82e-01";"4.76e-01";"4.88e-01";"9.85e-01";"4.08e-01";"a";"a";"a"
"AT4G31490.1";"7.198";"7.301";"7.313";"6.90e-01";"7.30e-01";"7.60e-01";"7.12e-01";"9.96e-01";"a";"a";"a"
"AT4G31700.1";"7.289";"7.29";"7.2";"7.87e-01";"8.18e-01";"1.00e+00";"8.22e-01";"8.17e-01";"a";"a";"a"
"AT4G31990.1";"7.54";"7.573";"7.665";"1.33e-01";"2.73e-01";"8.13e-01";"1.28e-01";"2.81e-01";"a";"a";"a"
"AT4G32770.1";"7.832";"7.94";"7.927";"4.34e-01";"5.21e-01";"4.60e-01";"5.38e-01";"9.87e-01";"a";"a";"a"
"AT4G32920.1";"6.987";"6.953";"6.793";"4.85e-02";"1.67e-01";"8.59e-01";"5.26e-02";"1.03e-01";"a";"a";"a"
"AT4G33090.1";"7.717";"7.859";"7.897";"1.40e-01";"2.75e-01";"2.59e-01";"1.44e-01";"8.89e-01";"a";"a";"a"
"AT4G33650.1";"6.893";"6.889";"6.893";"9.97e-01";"9.97e-01";"9.98e-01";"1.00e+00";"9.98e-01";"a";"a";"a"
"AT4G34110.1";"7.247";"7.124";"7.186";"3.09e-01";"4.16e-01";"2.82e-01";"6.90e-01";"6.90e-01";"a";"a";"a"
"AT4G34180.1";"7.899";"8.008";"7.967";"1.33e-01";"2.73e-01";"1.20e-01";"3.63e-01";"6.66e-01";"a";"a";"a"
"AT4G34200.1";"7.893";"7.71";"7.854";"7.77e-02";"2.13e-01";"7.97e-02";"8.38e-01";"1.66e-01";"a";"a";"a"
"AT4G34260.1";"7.584";"7.608";"7.635";"7.40e-01";"7.76e-01";"9.28e-01";"7.19e-01";"9.06e-01";"a";"a";"a"
"AT4G34450.1";"7.161";"7.246";"7.337";"2.90e-01";"4.03e-01";"6.91e-01";"2.64e-01";"6.58e-01";"a";"a";"a"
"AT4G34480.1";"7.719";"7.503";"7.28";"2.02e-02";"1.13e-01";"1.99e-01";"1.67e-02";"1.86e-01";"b";"ab";"a"
"AT4G34670.1";"7.559";"7.595";"7.755";"7.43e-02";"2.09e-01";"8.76e-01";"7.91e-02";"1.49e-01";"a";"a";"a"
"AT4G34870.1";"8.243";"8.169";"8.129";"1.46e-01";"2.82e-01";"3.64e-01";"1.34e-01";"7.11e-01";"a";"a";"a"
"AT4G35090.1";"7.622";"7.643";"8.205";"3.30e-02";"1.38e-01";"9.93e-01";"4.58e-02";"5.24e-02";"a";"ab";"b"
"AT4G35260.1";"7.368";"7.262";"7.206";"4.75e-02";"1.65e-01";"1.71e-01";"4.26e-02";"5.47e-01";"b";"ab";"a"
"AT4G35630.1";"7.247";"7.282";"7.379";"7.39e-02";"2.08e-01";"7.56e-01";"7.18e-02";"1.82e-01";"a";"a";"a"
"AT4G35790.1";"7.302";"7.223";"7.087";"1.11e-01";"2.48e-01";"6.49e-01";"9.98e-02";"3.16e-01";"a";"a";"a"
"AT4G35830.1";"8.469";"8.395";"8.347";"4.80e-01";"5.63e-01";"7.35e-01";"4.55e-01";"8.68e-01";"a";"a";"a"
"AT4G36020.1";"7.271";"7.095";"7.15";"5.84e-01";"6.41e-01";"5.70e-01";"7.54e-01";"9.43e-01";"a";"a";"a"
"AT4G36195.1";"8.308";"8.351";"8.439";"2.85e-02";"1.33e-01";"5.02e-01";"2.57e-02";"1.11e-01";"a";"ab";"b"
"AT4G36360.1";"8.373";"8.341";"8.141";"1.93e-03";"3.67e-02";"7.06e-01";"2.36e-03";"4.99e-03";"b";"b";"a"
"AT4G36600.1";"8.339";"8.511";"8.285";"2.52e-01";"3.69e-01";"4.15e-01";"9.05e-01";"2.50e-01";"a";"a";"a"
"AT4G36700.1";"9.332";"9.254";"9.402";"9.96e-02";"2.41e-01";"4.08e-01";"4.67e-01";"8.61e-02";"a";"a";"a"
"AT4G37000.1";"7.381";"7.438";"7.483";"3.40e-02";"1.40e-01";"2.01e-01";"2.86e-02";"3.30e-01";"a";"ab";"b"
"AT4G37050.1";"7.155";"7.298";"7.299";"4.00e-01";"4.89e-01";"4.62e-01";"4.60e-01";"1.00e+00";"a";"a";"a"
"AT4G37550.1";"7.778";"7.708";"7.606";"6.75e-02";"1.96e-01";"4.95e-01";"5.86e-02";"2.67e-01";"a";"a";"a"
"AT4G37870.1";"7.873";"7.76";"7.878";"1.39e-02";"8.48e-02";"2.38e-02";"9.87e-01";"1.99e-02";"b";"a";"b"
"AT4G37910.1";"7.378";"7.232";"7.145";"1.07e-01";"2.45e-01";"3.17e-01";"9.55e-02";"6.28e-01";"a";"a";"a"
"AT4G38220.1";"8.048";"8.137";"7.984";"3.46e-01";"4.44e-01";"6.45e-01";"7.93e-01";"3.20e-01";"a";"a";"a"
"AT4G38350.1";"7.643";"7.729";"7.597";"3.29e-01";"4.29e-01";"5.73e-01";"8.44e-01";"3.10e-01";"a";"a";"a"
"AT4G38740.1";"8.103";"8.003";"8.589";"3.39e-01";"4.39e-01";"9.65e-01";"4.69e-01";"3.52e-01";"a";"a";"a"
"AT4G38970.1";"7.688";"7.759";"7.948";"1.73e-01";"3.04e-01";"8.35e-01";"1.68e-01";"3.43e-01";"a";"a";"a"
"AT4G39260.1";"8.366";"8.542";"8.526";"1.80e-01";"3.06e-01";"2.08e-01";"2.57e-01";"9.84e-01";"a";"a";"a"
"AT4G39660.1";"7.622";"7.555";"7.438";"4.16e-02";"1.51e-01";"4.93e-01";"3.67e-02";"1.66e-01";"b";"ab";"a"
"AT5G01300.1";"8.25";"7.939";"8.201";"2.90e-01";"4.03e-01";"3.05e-01";"9.64e-01";"4.12e-01";"a";"a";"a"
"AT5G01670.1";"8.651";"8.864";"8.693";"3.21e-02";"1.38e-01";"3.38e-02";"7.86e-01";"7.76e-02";"a";"b";"ab"
"AT5G02240.1";"8.616";"8.551";"8.458";"1.20e-01";"2.58e-01";"5.92e-01";"1.06e-01";"3.75e-01";"a";"a";"a"
"AT5G03860.1";"8.462";"8.821";"8.77";"3.04e-02";"1.36e-01";"3.51e-02";"6.27e-02";"8.85e-01";"a";"b";"ab"
"AT5G04430.1";"8.141";"8.028";"8.033";"7.48e-02";"2.09e-01";"9.67e-02";"1.12e-01";"9.92e-01";"a";"a";"a"
"AT5G04590.1";"7.09";"7.141";"6.728";"1.69e-01";"3.03e-01";"9.65e-01";"2.58e-01";"1.88e-01";"a";"a";"a"
"AT5G04885.1";"7.737";"7.569";"6.88";"2.51e-03";"4.12e-02";"5.25e-01";"2.71e-03";"8.04e-03";"b";"b";"a"
"AT5G05010.1";"7.503";"7.625";"7.548";"1.86e-01";"3.08e-01";"1.71e-01";"7.37e-01";"4.29e-01";"a";"a";"a"
"AT5G06060.1";"7.96";"7.983";"7.784";"1.73e-01";"3.04e-01";"9.73e-01";"2.57e-01";"1.94e-01";"a";"a";"a"
"AT5G06760.1";"8.49";"8.518";"8.534";"8.49e-01";"8.67e-01";"9.29e-01";"8.39e-01";"9.78e-01";"a";"a";"a"
"AT5G07030.1";"8.853";"8.676";"8.751";"2.38e-02";"1.20e-01";"2.00e-02";"1.46e-01";"3.07e-01";"b";"a";"ab"
"AT5G07190.2";"9.111";"9.067";"9.274";"3.19e-01";"4.23e-01";"9.38e-01";"4.74e-01";"3.22e-01";"a";"a";"a"
"AT5G07350.1";"8.151";"8.13";"8.242";"2.07e-01";"3.29e-01";"9.35e-01";"3.31e-01";"2.15e-01";"a";"a";"a"
"AT5G07440.1";"7.336";"7.377";"7.322";"7.91e-01";"8.18e-01";"8.73e-01";"9.84e-01";"7.88e-01";"a";"a";"a"
"AT5G07830.1";"7.345";"7.296";"7.235";"8.73e-01";"8.87e-01";"9.71e-01";"8.61e-01";"9.53e-01";"a";"a";"a"
"AT5G08380.1";"7.461";"7.383";"7.535";"3.41e-01";"4.40e-01";"7.00e-01";"7.28e-01";"3.12e-01";"a";"a";"a"
"AT5G08530.1";"7.548";"7.713";"7.417";"1.35e-01";"2.73e-01";"4.33e-01";"5.73e-01";"1.19e-01";"a";"a";"a"
"AT5G08670.1";"8.603";"8.443";"8.531";"1.35e-01";"2.73e-01";"1.19e-01";"5.61e-01";"4.43e-01";"a";"a";"a"
"AT5G09590.1";"8.311";"8.162";"8.4";"5.43e-02";"1.76e-01";"2.07e-01";"5.17e-01";"4.79e-02";"ab";"a";"b"
"AT5G09640.1";"8.426";"8.289";"8.226";"2.89e-03";"4.36e-02";"1.64e-02";"2.59e-03";"2.29e-01";"b";"a";"a"
"AT5G09810.1";"8.635";"8.542";"8.662";"2.46e-01";"3.62e-01";"3.99e-01";"9.15e-01";"2.47e-01";"a";"a";"a"
"AT5G10160.1";"7.924";"8.153";"8.09";"4.39e-01";"5.25e-01";"4.30e-01";"6.22e-01";"9.30e-01";"a";"a";"a"
"AT5G10560.1";"7.083";"7.062";"7.022";"3.95e-01";"4.86e-01";"8.79e-01";"3.77e-01";"6.26e-01";"a";"a";"a"
"AT5G10860.1";"7.077";"7.467";"7.481";"8.82e-02";"2.31e-01";"1.28e-01";"1.15e-01";"9.96e-01";"a";"a";"a"
"AT5G11170.1";"7.93";"8.009";"7.951";"2.54e-01";"3.70e-01";"2.47e-01";"8.80e-01";"4.38e-01";"a";"a";"a"
"AT5G11520.1";"7.437";"7.42";"7.624";"2.25e-02";"1.15e-01";"9.56e-01";"4.11e-02";"2.91e-02";"a";"a";"b"
"AT5G11560.1";"6.85";"6.853";"6.893";"8.78e-01";"8.91e-01";"9.99e-01";"8.90e-01";"9.06e-01";"a";"a";"a"
"AT5G11680.1";"7.308";"7.455";"7.316";"1.77e-01";"3.04e-01";"2.12e-01";"9.94e-01";"2.41e-01";"a";"a";"a"
"AT5G11880.1";"7.077";"7.223";"7.207";"1.43e-02";"8.65e-02";"1.79e-02";"2.92e-02";"9.06e-01";"a";"b";"b"
"AT5G12030.1";"8.322";"8.797";"8.097";"1.31e-01";"2.72e-01";"3.15e-01";"7.39e-01";"1.22e-01";"a";"a";"a"
"AT5G12040.1";"7.072";"7.053";"6.956";"3.82e-01";"4.76e-01";"9.71e-01";"3.97e-01";"5.09e-01";"a";"a";"a"
"AT5G12950.1";"8.026";"7.872";"7.694";"3.37e-03";"4.88e-02";"7.92e-02";"2.72e-03";"4.65e-02";"b";"b";"a"
"AT5G13120.1";"7.52";"7.518";"7.544";"8.37e-01";"8.57e-01";"9.99e-01";"8.74e-01";"8.53e-01";"a";"a";"a"
"AT5G13420.1";"8.01";"8.146";"8.194";"6.13e-02";"1.87e-01";"1.57e-01";"5.96e-02";"7.37e-01";"a";"a";"a"
"AT5G13430.1";"7.692";"7.609";"7.766";"7.21e-02";"2.05e-01";"3.42e-01";"4.13e-01";"6.16e-02";"a";"a";"a"
"AT5G13450.1";"7.493";"7.581";"7.364";"9.01e-02";"2.32e-01";"5.54e-01";"3.12e-01";"7.91e-02";"a";"a";"a"
"AT5G13850.1";"7.755";"7.344";"7.577";"1.19e-01";"2.58e-01";"1.04e-01";"5.64e-01";"3.93e-01";"a";"a";"a"
"AT5G13980.1";"7.799";"7.911";"7.753";"1.30e-01";"2.71e-01";"2.92e-01";"7.80e-01";"1.24e-01";"a";"a";"a"
"AT5G14030.1";"8.189";"8.244";"8.294";"1.82e-01";"3.06e-01";"5.34e-01";"1.61e-01";"5.95e-01";"a";"a";"a"
"AT5G14040.1";"7.331";"7.491";"7.56";"2.10e-01";"3.33e-01";"4.07e-01";"2.00e-01";"8.30e-01";"a";"a";"a"
"AT5G14450.1";"7.166";"7.341";"7.058";"1.36e-01";"2.73e-01";"3.72e-01";"6.61e-01";"1.22e-01";"a";"a";"a"
"AT5G14780.1";"8.775";"8.745";"8.559";"2.65e-03";"4.16e-02";"7.28e-01";"3.22e-03";"6.76e-03";"b";"b";"a"
"AT5G15090.1";"7.329";"7.535";"7.415";"3.62e-01";"4.60e-01";"3.36e-01";"8.02e-01";"6.59e-01";"a";"a";"a"
"AT5G15530.1";"8.023";"7.889";"7.657";"2.56e-03";"4.12e-02";"1.44e-01";"2.18e-03";"1.98e-02";"b";"b";"a"
"AT5G15650.1";"7.855";"7.887";"7.913";"8.33e-01";"8.55e-01";"9.41e-01";"8.19e-01";"9.58e-01";"a";"a";"a"
"AT5G16050.1";"7.46";"7.787";"7.59";"4.31e-01";"5.19e-01";"4.06e-01";"8.51e-01";"6.97e-01";"a";"a";"a"
"AT5G16840.1";"8.109";"7.966";"8.065";"1.67e-01";"3.01e-01";"1.58e-01";"7.95e-01";"3.56e-01";"a";"a";"a"
"AT5G16970.1";"8.082";"8.18";"8.15";"5.28e-01";"5.96e-01";"5.14e-01";"7.13e-01";"9.32e-01";"a";"a";"a"
"AT5G17310.2";"8.48";"8.693";"8.688";"1.75e-01";"3.04e-01";"2.17e-01";"2.29e-01";"9.99e-01";"a";"a";"a"
"AT5G17380.1";"7.679";"7.624";"7.544";"1.11e-01";"2.48e-01";"5.90e-01";"9.79e-02";"3.52e-01";"a";"a";"a"
"AT5G17920.1";"7.972";"8.106";"7.96";"5.90e-02";"1.83e-01";"9.77e-02";"9.72e-01";"7.30e-02";"a";"a";"a"
"AT5G18170.1";"8.086";"8.024";"8.009";"2.93e-02";"1.35e-01";"6.94e-02";"3.15e-02";"8.02e-01";"b";"ab";"a"
"AT5G18900.1";"7.811";"7.934";"7.92";"5.61e-01";"6.22e-01";"5.86e-01";"6.52e-01";"9.92e-01";"a";"a";"a"
"AT5G19140.1";"7.439";"7.172";"6.775";"5.55e-03";"5.76e-02";"1.68e-01";"4.63e-03";"4.60e-02";"b";"b";"a"
"AT5G19440.1";"7.398";"7.53";"7.542";"8.17e-02";"2.21e-01";"1.30e-01";"9.91e-02";"9.75e-01";"a";"a";"a"
"AT5G19510.1";"7.969";"8.057";"7.972";"6.76e-01";"7.20e-01";"7.14e-01";"1.00e+00";"7.29e-01";"a";"a";"a"
"AT5G19550.1";"8.021";"7.93";"8.066";"1.22e-01";"2.60e-01";"3.06e-01";"7.19e-01";"1.13e-01";"a";"a";"a"
"AT5G19760.1";"7.381";"7.368";"7.342";"9.48e-01";"9.54e-01";"9.94e-01";"9.45e-01";"9.75e-01";"a";"a";"a"
"AT5G19770.1";"7.65";"7.552";"7.643";"3.79e-01";"4.74e-01";"4.19e-01";"9.95e-01";"4.64e-01";"a";"a";"a"
"AT5G19860.1";"7.952";"7.917";"8.155";"2.98e-02";"1.36e-01";"8.74e-01";"6.28e-02";"3.40e-02";"ab";"a";"b"
"AT5G19990.1";"7.448";"7.627";"7.617";"9.28e-02";"2.35e-01";"1.17e-01";"1.38e-01";"9.90e-01";"a";"a";"a"
"AT5G20010.1";"8.224";"8.307";"8.368";"1.32e-01";"2.73e-01";"4.08e-01";"1.17e-01";"5.95e-01";"a";"a";"a"
"AT5G20280.1";"7.26";"7.052";"7.06";"3.19e-02";"1.38e-01";"4.41e-02";"5.11e-02";"9.92e-01";"b";"a";"ab"
"AT5G20290.1";"7.78";"7.817";"7.828";"9.40e-01";"9.47e-01";"9.63e-01";"9.40e-01";"9.97e-01";"a";"a";"a"
"AT5G20720.1";"7.607";"7.674";"7.858";"6.21e-03";"5.80e-02";"4.30e-01";"5.97e-03";"2.49e-02";"a";"a";"b"
"AT5G20950.1";"8.005";"8.073";"7.908";"2.70e-03";"4.16e-02";"1.01e-01";"2.80e-02";"2.22e-03";"b";"b";"a"
"AT5G20960.1";"7.816";"7.914";"7.846";"4.05e-01";"4.92e-01";"3.91e-01";"9.01e-01";"6.15e-01";"a";"a";"a"
"AT5G21990.1";"7.105";"7.171";"7.059";"4.93e-01";"5.68e-01";"7.53e-01";"8.64e-01";"4.67e-01";"a";"a";"a"
"AT5G22460.1";"7.09";"6.975";"6.812";"3.87e-02";"1.48e-01";"3.90e-01";"3.30e-02";"1.95e-01";"b";"ab";"a"
"AT5G22470.1";"8.672";"8.744";"8.726";"4.34e-01";"5.21e-01";"4.29e-01";"6.03e-01";"9.41e-01";"a";"a";"a"
"AT5G22810.1";"7.873";"7.965";"7.789";"1.81e-01";"3.06e-01";"5.34e-01";"5.92e-01";"1.60e-01";"a";"a";"a"
"AT5G26000.1";"7.971";"8.044";"7.824";"1.84e-01";"3.07e-01";"7.77e-01";"3.98e-01";"1.72e-01";"a";"a";"a"
"AT5G26120.1";"7.693";"7.405";"7.562";"2.05e-02";"1.14e-01";"1.70e-02";"2.43e-01";"1.56e-01";"b";"a";"ab"
"AT5G26360.1";"7.021";"7.245";"7.181";"1.60e-01";"2.96e-01";"1.53e-01";"3.32e-01";"8.13e-01";"a";"a";"a"
"AT5G26830.1";"7.402";"7.327";"7.529";"4.18e-02";"1.51e-01";"4.84e-01";"1.70e-01";"3.68e-02";"ab";"a";"b"
"AT5G27540.1";"6.807";"6.771";"6.763";"9.08e-01";"9.21e-01";"9.39e-01";"9.10e-01";"9.97e-01";"a";"a";"a"
"AT5G27640.1";"7.133";"7.131";"7.066";"7.13e-01";"7.53e-01";"1.00e+00";"7.48e-01";"7.61e-01";"a";"a";"a"
"AT5G27850.1";"8.222";"8.082";"8.115";"1.08e-01";"2.46e-01";"1.07e-01";"2.26e-01";"8.32e-01";"a";"a";"a"
"AT5G28840.1";"7.699";"7.856";"7.88";"3.05e-02";"1.36e-01";"6.17e-02";"3.57e-02";"8.97e-01";"a";"ab";"b"
"AT5G34940.2";"7.536";"7.315";"7.292";"3.97e-02";"1.50e-01";"7.04e-02";"4.92e-02";"9.55e-01";"b";"ab";"a"
"AT5G35360.1";"7.934";"7.772";"7.947";"1.39e-02";"8.48e-02";"2.62e-02";"9.52e-01";"1.85e-02";"b";"a";"b"
"AT5G36210.1";"7.245";"7.202";"7.336";"2.35e-01";"3.55e-01";"8.15e-01";"4.58e-01";"2.21e-01";"a";"a";"a"
"AT5G36880.1";"6.96";"6.79";"7.142";"1.37e-02";"8.48e-02";"1.67e-01";"1.40e-01";"1.12e-02";"ab";"a";"b"
"AT5G37510.1";"7.823";"7.712";"7.686";"5.62e-02";"1.79e-01";"1.21e-01";"5.93e-02";"8.43e-01";"a";"a";"a"
"AT5G38160.1";"8.594";"8.481";"8.608";"7.77e-01";"8.10e-01";"8.31e-01";"9.97e-01";"7.93e-01";"a";"a";"a"
"AT5G38170.1";"9.047";"9.185";"9.326";"1.64e-02";"9.58e-02";"1.77e-01";"1.35e-02";"1.64e-01";"a";"ab";"b"
"AT5G38470.1";"7.942";"7.805";"7.871";"1.44e-01";"2.80e-01";"1.26e-01";"4.88e-01";"5.38e-01";"a";"a";"a"
"AT5G39410.1";"7.853";"7.705";"7.855";"6.16e-02";"1.87e-01";"8.91e-02";"9.99e-01";"8.50e-02";"a";"a";"a"
"AT5G39570.1";"7.578";"7.573";"7.47";"1.84e-01";"3.07e-01";"9.96e-01";"2.22e-01";"2.47e-01";"a";"a";"a"
"AT5G39720.1";"8.399";"8.257";"8.257";"1.39e-01";"2.74e-01";"1.82e-01";"1.82e-01";"1.00e+00";"a";"a";"a"
"AT5G39730.1";"7.054";"7.249";"7.299";"3.55e-01";"4.52e-01";"5.05e-01";"3.60e-01";"9.50e-01";"a";"a";"a"
"AT5G40370.1";"7.998";"7.846";"7.787";"4.23e-02";"1.51e-01";"1.26e-01";"4.02e-02";"6.52e-01";"b";"ab";"a"
"AT5G40420.1";"9.604";"9.371";"9.528";"6.65e-01";"7.11e-01";"6.51e-01";"9.53e-01";"8.15e-01";"a";"a";"a"
"AT5G40760.1";"7.513";"7.41";"7.322";"6.32e-02";"1.90e-01";"3.05e-01";"5.40e-02";"4.09e-01";"a";"a";"a"
"AT5G40770.1";"6.839";"7.395";"7.124";"9.76e-02";"2.40e-01";"8.42e-02";"4.19e-01";"4.48e-01";"a";"a";"a"
"AT5G42270.1";"7.416";"7.609";"7.483";"3.53e-02";"1.42e-01";"3.14e-02";"4.96e-01";"1.40e-01";"a";"b";"ab"
"AT5G42740.1";"7.896";"7.816";"7.944";"5.74e-02";"1.82e-01";"2.16e-01";"5.23e-01";"5.06e-02";"a";"a";"a"
"AT5G42790.1";"7.593";"7.682";"7.596";"6.79e-01";"7.22e-01";"7.16e-01";"1.00e+00";"7.33e-01";"a";"a";"a"
"AT5G42980.1";"7.522";"7.383";"7.546";"7.96e-01";"8.21e-01";"8.53e-01";"9.95e-01";"8.06e-01";"a";"a";"a"
"AT5G43060.1";"7.693";"7.475";"7.448";"5.57e-02";"1.79e-01";"9.85e-02";"6.63e-02";"9.48e-01";"a";"a";"a"
"AT5G43600.1";"7.523";"7.377";"7.442";"1.59e-01";"2.96e-01";"1.41e-01";"4.70e-01";"6.03e-01";"a";"a";"a"
"AT5G43940.1";"7.526";"7.665";"7.824";"1.04e-02";"7.76e-02";"1.58e-01";"8.51e-03";"1.06e-01";"a";"ab";"b"
"AT5G44120.1";"8.616";"8.785";"8.618";"6.68e-02";"1.96e-01";"9.17e-02";"9.99e-01";"9.58e-02";"a";"a";"a"
"AT5G44120.2";"7.229";"7.637";"7.44";"6.34e-02";"1.90e-01";"5.39e-02";"3.35e-01";"3.74e-01";"a";"a";"a"
"AT5G44120.3";"7.718";"7.827";"8.047";"1.30e-02";"8.23e-02";"3.81e-01";"1.16e-02";"6.20e-02";"a";"ab";"b"
"AT5G44310.1";"8.56";"8.689";"8.798";"4.80e-03";"5.43e-02";"5.79e-02";"3.89e-03";"1.05e-01";"a";"ab";"b"
"AT5G44380.1";"6.817";"7.14";"6.963";"4.72e-01";"5.56e-01";"4.43e-01";"8.30e-01";"7.65e-01";"a";"a";"a"
"AT5G45690.1";"9.14";"9.259";"9.169";"3.19e-01";"4.22e-01";"3.17e-01";"9.24e-01";"4.87e-01";"a";"a";"a"
"AT5G46070.1";"7.051";"7.035";"6.918";"3.78e-01";"4.74e-01";"9.86e-01";"4.06e-01";"4.82e-01";"a";"a";"a"
"AT5G46230.1";"7.603";"7.713";"7.578";"3.14e-01";"4.19e-01";"4.51e-01";"9.54e-01";"3.23e-01";"a";"a";"a"
"AT5G46290.1";"8.746";"8.664";"8.534";"8.77e-03";"7.30e-02";"2.33e-01";"7.42e-03";"6.03e-02";"b";"ab";"a"
"AT5G47550.1";"7.372";"7.373";"7.236";"2.58e-01";"3.73e-01";"1.00e+00";"3.17e-01";"3.14e-01";"a";"a";"a"
"AT5G47810.1";"6.953";"7.301";"6.869";"3.10e-04";"1.29e-02";"1.10e-03";"2.96e-01";"3.40e-04";"a";"b";"a"
"AT5G48100.1";"7.373";"7.538";"7.286";"9.80e-03";"7.63e-02";"5.22e-02";"3.21e-01";"8.62e-03";"ab";"b";"a"
"AT5G48180.1";"7.784";"7.67";"7.602";"8.70e-02";"2.29e-01";"2.80e-01";"7.74e-02";"5.94e-01";"a";"a";"a"
"AT5G48230.2";"8.106";"8.255";"8.199";"1.70e-01";"3.03e-01";"1.54e-01";"4.16e-01";"7.08e-01";"a";"a";"a"
"AT5G48300.1";"7.573";"7.47";"7.386";"9.56e-02";"2.39e-01";"3.68e-01";"8.29e-02";"4.99e-01";"a";"a";"a"
"AT5G49190.1";"7.47";"7.472";"7.34";"1.73e-01";"3.04e-01";"1.00e+00";"2.25e-01";"2.18e-01";"a";"a";"a"
"AT5G49460.1";"7.275";"7.271";"7.123";"2.34e-01";"3.55e-01";"9.99e-01";"2.82e-01";"2.97e-01";"a";"a";"a"
"AT5G49650.1";"7.31";"7.325";"7.458";"1.76e-01";"3.04e-01";"9.77e-01";"1.99e-01";"2.58e-01";"a";"a";"a"
"AT5G49910.1";"7.282";"7.129";"7.357";"1.71e-01";"3.04e-01";"3.77e-01";"7.71e-01";"1.60e-01";"a";"a";"a"
"AT5G50250.1";"7.372";"7.179";"7.441";"6.54e-05";"5.26e-03";"3.52e-04";"5.41e-02";"6.34e-05";"b";"a";"b"
"AT5G50370.1";"7.412";"7.652";"7.506";"4.18e-02";"1.51e-01";"3.62e-02";"4.47e-01";"1.84e-01";"a";"b";"ab"
"AT5G50600.1";"9.678";"9.956";"9.763";"2.11e-02";"1.15e-01";"1.94e-02";"5.05e-01";"8.05e-02";"a";"b";"ab"
"AT5G50850.1";"7.323";"7.459";"7.216";"2.26e-01";"3.48e-01";"5.52e-01";"6.80e-01";"2.03e-01";"a";"a";"a"
"AT5G50920.1";"7.844";"7.817";"7.959";"4.16e-02";"1.51e-01";"8.16e-01";"9.52e-02";"4.40e-02";"ab";"a";"b"
"AT5G51970.1";"7.808";"7.936";"8.059";"3.53e-02";"1.42e-01";"2.52e-01";"2.95e-02";"2.74e-01";"a";"ab";"b"
"AT5G52300.1";"8.195";"8.323";"8.338";"1.36e-01";"2.73e-01";"2.07e-01";"1.57e-01";"9.75e-01";"a";"a";"a"
"AT5G52640.1";"8.123";"8.451";"8.4";"1.39e-01";"2.74e-01";"1.51e-01";"2.32e-01";"9.40e-01";"a";"a";"a"
"AT5G52840.1";"7.144";"7.337";"7.235";"4.04e-02";"1.51e-01";"3.40e-02";"3.19e-01";"2.50e-01";"a";"b";"ab"
"AT5G53560.1";"7.184";"7.585";"7.555";"3.23e-01";"4.24e-01";"3.60e-01";"4.10e-01";"9.93e-01";"a";"a";"a"
"AT5G54080.1";"7.1";"7.243";"7.207";"2.96e-01";"4.07e-01";"2.92e-01";"4.72e-01";"9.09e-01";"a";"a";"a"
"AT5G54740.1";"9.867";"10.021";"9.89";"6.27e-01";"6.75e-01";"6.41e-01";"9.89e-01";"7.21e-01";"a";"a";"a"
"AT5G54770.1";"7.854";"7.897";"7.931";"4.01e-01";"4.89e-01";"7.13e-01";"3.72e-01";"7.98e-01";"a";"a";"a"
"AT5G54960.1";"7.75";"7.629";"7.534";"2.70e-01";"3.85e-01";"5.96e-01";"2.45e-01";"7.19e-01";"a";"a";"a"
"AT5G55070.1";"7.647";"7.411";"7.517";"1.29e-01";"2.70e-01";"1.13e-01";"4.28e-01";"5.56e-01";"a";"a";"a"
"AT5G55240.1";"8.194";"8.602";"8.487";"1.65e-01";"3.00e-01";"1.59e-01";"3.37e-01";"8.21e-01";"a";"a";"a"
"AT5G55410.1";"8.015";"7.925";"7.725";"3.11e-03";"4.59e-02";"2.49e-01";"2.82e-03";"1.69e-02";"b";"b";"a"
"AT5G55480.1";"7.372";"7.437";"7.426";"7.90e-01";"8.18e-01";"7.98e-01";"8.53e-01";"9.94e-01";"a";"a";"a"
"AT5G55730.1";"8.213";"8.065";"8.029";"9.99e-02";"2.41e-01";"1.93e-01";"1.04e-01";"8.82e-01";"a";"a";"a"
"AT5G57110.1";"7.53";"7.352";"7.242";"2.34e-03";"3.94e-02";"2.03e-02";"1.96e-03";"1.20e-01";"b";"a";"a"
"AT5G57550.1";"9.148";"8.851";"8.554";"3.00e-06";"1.09e-03";"1.34e-04";"2.18e-06";"1.32e-04";"c";"b";"a"
"AT5G57655.2";"8.119";"8.232";"8.262";"3.08e-02";"1.36e-01";"7.70e-02";"3.21e-02";"7.65e-01";"a";"ab";"b"
"AT5G58070.1";"9.004";"8.925";"8.553";"8.60e-06";"1.56e-03";"7.18e-02";"9.42e-06";"3.03e-05";"b";"b";"a"
"AT5G58290.1";"7.632";"8.441";"7.542";"2.67e-02";"1.27e-01";"5.03e-02";"9.38e-01";"3.32e-02";"ab";"b";"a"
"AT5G59310.1";"7.616";"7.544";"7.291";"2.28e-02";"1.15e-01";"7.01e-01";"2.33e-02";"6.30e-02";"b";"ab";"a"
"AT5G59420.1";"7.012";"6.973";"6.92";"4.02e-01";"4.89e-01";"8.18e-01";"3.75e-01";"6.94e-01";"a";"a";"a"
"AT5G59880.1";"7.74";"7.903";"7.75";"5.71e-01";"6.28e-01";"6.09e-01";"9.98e-01";"6.43e-01";"a";"a";"a"
"AT5G60640.1";"7.931";"7.913";"7.97";"7.40e-01";"7.76e-01";"9.67e-01";"8.60e-01";"7.29e-01";"a";"a";"a"
"AT5G61410.1";"7.487";"7.459";"7.655";"9.09e-02";"2.32e-01";"9.35e-01";"1.59e-01";"1.02e-01";"a";"a";"a"
"AT5G61780.1";"8.016";"8.052";"7.974";"2.90e-02";"1.35e-01";"2.73e-01";"2.04e-01";"2.42e-02";"ab";"b";"a"
"AT5G61790.1";"8.255";"8.14";"8.277";"9.35e-02";"2.36e-01";"1.70e-01";"9.16e-01";"1.02e-01";"a";"a";"a"
"AT5G62490.1";"8.155";"8.236";"8.193";"8.02e-01";"8.26e-01";"7.85e-01";"9.45e-01";"9.34e-01";"a";"a";"a"
"AT5G62530.1";"7.416";"7.508";"7.55";"4.55e-01";"5.39e-01";"6.58e-01";"4.40e-01";"9.14e-01";"a";"a";"a"
"AT5G63030.1";"8.523";"8.631";"8.411";"4.34e-02";"1.53e-01";"3.03e-01";"2.83e-01";"3.64e-02";"ab";"b";"a"
"AT5G63620.1";"7.603";"7.579";"7.712";"1.61e-01";"2.97e-01";"9.20e-01";"2.74e-01";"1.68e-01";"a";"a";"a"
"AT5G63800.1";"7.919";"7.82";"7.679";"1.68e-03";"3.67e-02";"7.61e-02";"1.38e-03";"1.87e-02";"b";"b";"a"
"AT5G64260.1";"7.118";"7.275";"7.318";"4.92e-01";"5.67e-01";"6.35e-01";"4.95e-01";"9.64e-01";"a";"a";"a"
"AT5G64350.1";"7.548";"7.433";"7.376";"2.27e-01";"3.49e-01";"4.53e-01";"2.13e-01";"8.06e-01";"a";"a";"a"
"AT5G64570.1";"8.027";"7.741";"7.992";"3.61e-02";"1.42e-01";"4.28e-02";"9.21e-01";"6.92e-02";"b";"a";"ab"
"AT5G65750.1";"8.087";"8.062";"7.927";"5.39e-02";"1.75e-01";"8.92e-01";"5.98e-02";"1.07e-01";"a";"a";"a"
"AT5G66090.1";"7.244";"7.603";"7.462";"1.05e-01";"2.44e-01";"9.30e-02";"3.30e-01";"5.98e-01";"a";"a";"a"
"AT5G66190.1";"7.763";"7.997";"8.221";"2.21e-04";"1.22e-02";"6.34e-03";"1.74e-04";"7.69e-03";"a";"b";"c"
"AT5G66400.1";"7.683";"7.719";"7.48";"2.14e-01";"3.39e-01";"9.59e-01";"3.23e-01";"2.30e-01";"a";"a";"a"
"AT5G66420.1";"7.435";"7.486";"7.615";"5.00e-02";"1.68e-01";"6.68e-01";"4.74e-02";"1.45e-01";"a";"ab";"b"
"AT5G66570.1";"7.081";"7.67";"7.775";"1.92e-04";"1.22e-02";"5.78e-04";"2.31e-04";"4.01e-01";"a";"b";"b"
"AT5G66590.1";"6.869";"6.8";"6.642";"4.05e-02";"1.51e-01";"6.02e-01";"3.76e-02";"1.32e-01";"b";"ab";"a"
"AT5G66760.1";"8.095";"7.969";"7.99";"8.97e-03";"7.30e-02";"1.02e-02";"2.28e-02";"7.56e-01";"b";"a";"a"
"AT5G66780.1";"8.018";"8.062";"8.169";"4.89e-01";"5.66e-01";"9.33e-01";"4.77e-01";"6.73e-01";"a";"a";"a"
"AT5G67360.1";"8.191";"8.143";"8.005";"1.13e-01";"2.53e-01";"8.09e-01";"1.11e-01";"2.46e-01";"a";"a";"a"
"AT5G67500.1";"7.896";"7.747";"7.909";"3.48e-01";"4.45e-01";"4.36e-01";"9.93e-01";"3.85e-01";"a";"a";"a"
"ATCG00120.1";"7.288";"7.515";"7.571";"3.32e-02";"1.38e-01";"7.90e-02";"3.52e-02";"7.97e-01";"a";"ab";"b"
"ATCG00480.1";"8.154";"8.244";"8.384";"4.74e-02";"1.65e-01";"4.69e-01";"4.13e-02";"2.00e-01";"a";"ab";"b"
"ATCG00490.1";"8.887";"8.859";"8.757";"1.03e-01";"2.42e-01";"8.51e-01";"1.04e-01";"2.10e-01";"a";"a";"a"
